328,31,28,5,31,28,33,50,9,17,24,33,24,28,10,32,54,34,41,46,36,11,28,13,13,23,52,21,42,58,38,42,35,52,34,15,43,28,26,51,40,46,57,33,47,23,14,34,16,48,24,27,27,16,21,27,32,22,32,18,24,19,36,14,26,21,15,18,28,34,28,26,38,21,30,20,31,36,30,27,37,33,36,24,27,30,26,22,16,25,29,24,18,24,16,21,23,37,20,30,57,13,39,24,22,36,18,26,26,57,20,24,67,20,20,39,28,20,11,24,68,55,31,53,28,48,15,33,28,83,26,52,18,26,34,85,140,92,70,40,27,20,43,21,40,51,24,25,28,13
31,476,59,12,30,58,31,83,15,32,41,270,28,26,7,73,88,69,73,82,46,8,55,17,40,37,92,42,62,99,53,63,55,92,53,39,62,23,29,87,57,64,87,63,66,53,46,60,19,82,50,43,46,23,37,51,51,28,51,31,46,31,38,23,44,40,32,45,40,47,48,46,45,33,47,33,45,49,31,41,52,54,34,41,46,51,45,36,30,44,53,45,31,45,29,23,25,44,29,47,103,41,66,43,32,66,20,33,33,84,24,31,98,30,42,66,49,30,15,53,95,71,35,115,50,96,38,47,44,122,41,84,33,34,40,123,239,133,95,33,44,48,65,30,58,85,35,41,46,34
28,59,483,3,42,463,41,68,20,35,296,62,46,33,10,58,85,52,79,81,72,13,56,19,35,39,96,42,58,81,57,67,61,96,56,35,71,37,28,94,62,78,89,65,79,61,39,49,20,73,49,48,52,30,26,52,51,36,51,44,49,35,46,20,50,38,38,57,45,50,53,51,36,33,51,43,53,59,43,49,46,58,43,56,51,43,59,42,27,50,48,58,42,63,30,34,32,59,39,51,93,36,63,46,35,56,20,35,35,86,18,24,79,23,31,63,48,24,14,40,96,67,42,88,43,85,42,33,46,101,46,82,28,34,46,100,217,109,96,38,44,42,60,40,51,84,32,43,36,40
5,12,3,89,8,3,8,13,2,6,2,13,5,5,3,8,15,8,18,18,8,3,9,2,7,4,10,4,9,13,8,8,7,10,10,7,8,5,4,8,8,8,17,8,8,7,7,14,3,13,7,5,9,6,3,6,12,12,12,4,5,6,9,1,9,7,4,3,7,14,8,9,7,11,10,11,5,11,10,11,9,8,10,6,14,8,8,11,12,12,6,8,7,9,4,6,9,4,4,9,18,3,12,4,7,10,3,4,4,13,5,6,21,9,6,12,8,11,4,9,16,16,7,20,6,17,6,11,9,26,9,16,2,6,9,26,41,28,16,6,9,5,7,7,6,16,6,9,7,6
31,30,42,8,382,41,355,63,16,32,24,41,33,312,7,33,73,42,53,56,40,13,49,18,26,40,71,32,65,65,35,40,41,72,40,27,37,41,21,70,36,40,77,55,41,46,31,37,9,53,47,35,46,15,15,40,51,18,51,29,41,23,45,12,42,38,19,34,38,42,40,47,31,31,39,26,46,38,15,35,55,33,25,39,37,35,31,21,17,35,40,30,30,32,27,17,15,38,23,39,73,18,55,32,26,49,24,39,39,76,20,30,74,22,26,55,37,25,16,38,94,54,31,96,37,69,21,33,20,81,19,84,37,24,34,82,154,101,96,45,20,29,53,32,45,83,28,36,32,27
28,58,463,3,41,463,40,64,20,35,296,61,44,32,10,55,83,50,75,77,71,13,56,19,35,37,92,42,58,77,55,65,59,92,54,35,69,36,28,90,60,76,89,62,77,58,38,47,20,69,47,46,51,27,24,51,50,36,50,44,49,32,46,20,48,36,37,54,43,50,51,50,36,31,50,42,52,57,42,49,46,58,41,55,50,43,59,42,27,49,47,58,42,63,30,34,31,57,39,49,91,34,62,46,31,55,20,35,35,80,17,23,78,23,30,62,47,23,13,39,93,64,41,84,41,81,40,32,46,99,46,77,28,33,45,98,207,104,93,37,44,42,58,40,49,79,32,42,34,40
33,31,41,8,355,40,381,62,13,30,24,41,30,312,10,32,74,43,54,56,40,16,46,21,25,35,71,31,67,68,35,40,40,72,41,26,37,39,23,70,36,41,73,54,42,45,29,35,9,50,46,35,46,15,12,39,53,21,53,30,39,21,43,13,42,37,19,33,40,41,43,47,32,30,37,30,42,39,12,40,55,37,23,38,41,35,32,19,17,35,39,29,33,34,24,17,15,34,23,37,75,17,56,35,26,48,24,43,42,75,21,32,71,22,25,56,37,25,15,40,92,54,30,101,38,75,20,34,21,82,20,84,37,24,34,83,156,99,94,44,21,30,54,28,47,83,29,38,35,26
50,83,68,13,63,64,62,936,37,64,49,80,73,51,25,78,126,78,123,130,93,29,78,34,38,75,138,71,82,151,83,99,63,138,81,40,100,65,55,136,92,111,137,86,118,89,46,87,34,106,71,88,63,54,58,88,75,63,74,46,93,52,85,29,89,59,43,84,85,80,60,62,86,66,78,56,87,82,51,72,95,82,64,90,73,90,82,50,67,88,97,92,64,80,54,48,46,72,59,82,148,49,114,69,55,78,61,60,59,161,41,53,157,74,73,116,84,78,23,65,169,122,67,168,69,164,58,67,59,248,57,149,64,80,101,251,443,274,171,77,60,61,131,46,123,148,58,79,62,54
9,15,20,2,16,20,13,37,238,236,16,24,236,13,5,20,33,15,33,34,18,6,20,9,9,22,40,18,28,39,25,27,19,40,23,9,30,6,11,40,27,32,35,27,34,17,16,23,12,29,22,20,26,11,21,15,20,14,20,17,19,10,18,9,26,19,17,25,23,26,18,25,22,23,22,13,25,23,15,19,25,31,21,20,22,32,19,11,16,25,21,25,12,20,23,12,14,26,17,27,59,19,43,18,12,29,13,16,16,41,11,14,40,19,17,43,38,20,14,21,54,23,16,48,18,51,13,20,21,61,21,36,20,25,30,61,114,66,55,27,20,11,38,15,34,38,9,17,14,15
17,32,35,6,32,35,30,64,236,415,28,39,299,28,10,41,51,34,59,62,40,12,38,13,18,40,64,30,45,66,43,45,33,65,42,18,52,29,22,63,46,56,57,51,57,36,24,37,14,58,40,39,41,22,29,25,35,20,35,26,36,16,33,14,41,33,29,43,43,37,32,40,37,39,41,26,44,53,24,39,38,46,35,38,42,57,28,16,20,42,31,46,26,30,31,23,19,44,27,39,84,26,68,29,25,50,18,25,25,77,19,24,65,28,33,68,56,32,19,46,90,53,35,95,27,80,28,36,32,97,31,70,32,38,45,97,188,108,91,42,31,28,57,24,49,71,20,39,28,34
24,41,296,2,24,296,24,49,16,28,296,45,29,18,7,36,57,42,48,50,52,9,38,10,15,27,60,30,41,55,37,46,39,60,34,15,49,22,18,60,42,54,52,42,54,37,27,31,13,45,31,26,37,19,20,33,35,23,35,36,32,23,33,11,33,25,25,34,30,31,32,36,25,22,32,25,34,40,33,29,31,43,28,35,31,25,40,28,23,33,35,42,25,43,22,21,21,40,28,34,59,27,39,32,16,40,11,21,21,61,8,12,54,16,21,39,31,16,5,31,60,43,23,63,34,56,26,22,30,65,30,59,17,25,37,65,133,73,60,25,28,31,38,29,32,61,23,28,27,24
33,270,62,13,41,61,41,80,24,39,45,493,42,36,14,79,88,71,91,100,52,16,55,10,44,34,95,35,62,93,70,84,54,95,50,43,83,28,35,93,78,86,93,68,91,69,46,61,21,80,51,42,45,21,30,46,45,34,45,41,42,37,45,17,42,42,27,42,35,44,43,44,36,36,48,32,40,53,38,39,51,54,49,45,49,51,46,29,28,43,62,41,28,53,32,24,25,49,23,43,105,49,56,42,32,57,23,41,40,95,25,32,108,24,35,56,40,25,15,55,98,79,36,124,46,86,37,40,43,121,42,88,37,34,44,121,235,135,98,42,43,43,61,38,52,86,34,49,44,34
24,28,46,5,33,44,30,73,236,299,29,42,429,28,9,44,60,35,58,62,50,12,42,11,20,42,71,37,44,73,40,46,34,71,41,20,50,25,21,68,44,54,62,54,56,32,28,37,16,64,42,38,46,23,36,34,35,22,35,26,35,25,36,17,38,37,31,39,38,39,31,44,37,40,46,26,47,41,21,38,48,46,37,39,37,49,41,19,28,47,34,49,27,40,35,34,23,41,29,39,84,38,72,32,20,53,26,25,25,79,21,25,70,33,32,72,58,34,17,49,103,53,28,98,37,81,34,41,38,102,37,75,40,35,44,104,195,112,104,56,37,28,61,32,54,75,24,38,29,31
28,26,33,5,312,32,312,51,13,28,18,36,28,312,6,29,62,34,45,47,32,11,39,14,24,31,60,23,58,56,28,32,32,61,33,25,29,33,18,59,29,32,62,46,33,41,27,29,9,43,45,30,41,8,10,35,45,16,45,25,33,20,35,11,34,36,12,30,33,37,36,42,27,25,34,19,36,30,9,27,44,26,18,31,25,30,25,15,15,28,34,21,25,26,22,14,10,27,20,32,61,13,49,24,23,40,22,33,33,66,18,28,64,18,19,49,33,20,13,35,75,48,27,87,30,62,15,30,15,68,14,75,33,21,31,69,128,85,77,39,15,24,43,23,39,74,19,30,28,24
10,7,10,3,7,10,10,25,5,10,7,14,9,6,178,17,28,19,32,36,13,176,13,48,10,15,26,8,22,25,22,23,13,26,14,12,23,13,21,25,21,25,30,16,26,16,11,12,5,19,15,21,18,10,9,21,26,14,26,12,16,10,20,7,17,9,12,18,13,18,21,18,18,18,16,6,16,20,14,13,17,14,22,22,15,19,20,11,18,13,21,12,12,20,11,10,14,21,12,13,40,14,29,8,9,15,15,9,9,29,13,17,27,13,15,29,22,15,9,13,49,28,15,32,12,28,10,7,17,54,17,30,11,17,21,54,98,57,49,25,18,12,24,12,22,27,18,10,9,14
32,73,58,8,33,55,32,78,20,41,36,79,44,29,17,522,87,51,75,81,52,19,59,21,48,29,92,37,61,83,56,66,44,92,55,51,73,31,40,91,64,75,84,68,76,52,40,55,18,84,52,47,54,28,27,49,52,33,52,40,57,43,49,28,54,47,39,66,44,48,54,51,47,37,49,33,47,46,36,56,49,56,46,67,50,63,54,31,21,42,43,51,40,51,26,33,28,60,30,57,86,34,62,37,31,52,20,31,31,98,31,40,95,22,39,62,54,24,16,49,98,62,33,111,45,99,32,38,42,135,41,75,41,42,52,135,238,143,98,45,38,50,73,34,59,76,29,54,37,40
54,88,85,15,73,83,74,126,33,51,57,88,60,62,28,87,995,90,148,152,106,34,99,33,58,50,144,63,141,241,79,101,97,145,92,59,101,69,55,140,95,107,332,107,112,87,69,94,37,146,77,88,92,65,54,84,90,63,90,55,77,57,78,31,70,65,46,83,86,73,93,93,76,58,88,66,99,83,74,92,100,86,101,81,89,93,87,67,72,83,99,76,66,88,60,56,71,75,59,88,173,69,145,61,48,99,49,66,68,168,58,70,176,68,71,145,116,76,31,83,198,121,74,196,72,160,57,63,76,268,73,149,62,77,96,269,486,284,201,91,74,63,153,67,130,143,65,62,76,62
34,69,52,8,42,50,43,78,15,34,42,71,35,34,19,51,90,513,78,87,47,19,54,16,41,53,87,44,117,113,53,55,64,89,66,41,56,40,29,87,57,57,87,71,57,61,52,44,22,65,55,46,51,37,29,51,65,31,65,38,58,25,56,22,42,42,30,53,38,63,55,50,55,46,48,31,63,59,34,51,52,53,49,59,49,55,44,39,33,45,64,45,41,44,39,24,36,61,36,48,95,42,70,36,21,68,26,47,47,85,26,32,85,30,48,70,51,32,17,40,83,73,37,93,46,100,38,57,33,116,32,81,32,31,42,117,220,136,83,46,33,44,68,41,61,76,43,46,34,41
41,73,79,18,53,75,54,123,33,59,48,91,58,45,32,75,148,78,907,905,97,39,99,33,40,69,117,55,95,137,91,101,66,117,76,41,112,52,58,116,96,116,150,85,120,69,69,77,25,121,86,74,70,56,56,74,89,70,89,49,86,58,88,25,64,66,55,82,78,92,89,69,67,57,99,70,82,89,56,99,82,96,94,74,96,74,65,61,65,81,91,96,74,68,49,49,52,79,41,73,162,39,129,56,59,87,58,60,60,158,57,67,148,56,58,129,88,61,31,91,199,131,62,182,60,155,41,56,70,213,66,132,62,75,94,214,419,238,200,110,69,55,109,57,95,130,69,79,61,53
46,82,81,18,56,77,56,130,34,62,50,100,62,47,36,81,152,87,905,976,102,43,103,34,47,75,123,63,100,144,95,104,72,123,78,49,115,56,63,122,99,119,160,91,123,72,74,84,31,128,91,77,74,64,59,80,95,71,95,50,96,62,92,29,67,70,58,88,86,101,94,73,78,68,108,70,90,94,58,100,86,99,100,80,98,83,72,68,70,89,99,101,74,75,53,49,55,88,45,78,179,47,139,61,61,96,62,64,64,168,60,72,156,60,63,139,95,65,31,96,209,140,64,193,66,168,42,62,78,228,73,148,64,84,106,229,453,255,210,115,77,59,115,62,101,146,73,83,62,53
36,46,72,8,40,71,40,93,18,40,52,52,50,32,13,52,106,47,97,102,577,17,61,23,25,45,94,38,67,106,51,62,52,96,64,25,60,49,36,90,53,69,98,69,78,48,46,57,20,84,56,59,51,43,40,49,64,33,64,30,46,37,51,23,52,45,39,52,47,58,52,53,61,41,47,43,66,65,34,69,76,55,63,60,59,64,55,43,41,60,50,64,44,62,41,25,28,52,44,59,99,50,92,35,26,79,32,55,53,117,22,34,93,34,52,92,68,35,14,49,138,82,35,103,59,96,45,42,43,118,42,86,48,43,54,121,260,130,139,59,42,42,77,41,67,85,30,55,46,45
11,8,13,3,13,13,16,29,6,12,9,16,12,11,176,19,34,19,39,43,17,206,13,48,11,18,30,9,25,27,24,25,16,30,21,13,25,16,22,29,23,27,34,19,28,22,11,14,7,20,15,24,23,10,10,22,27,14,27,15,18,13,24,9,18,9,14,19,14,19,23,23,18,19,18,7,20,23,15,15,20,17,22,25,17,21,20,12,20,16,23,15,14,20,11,10,15,23,14,14,44,14,33,9,10,16,19,12,12,33,14,18,31,16,20,33,25,18,11,16,51,32,21,38,15,32,10,12,21,58,21,32,13,19,23,58,106,60,51,25,22,15,29,15,25,29,22,13,14,17
28,55,56,9,49,56,46,78,20,38,38,55,42,39,13,59,99,54,99,103,61,13,576,19,32,37,103,50,67,82,61,75,61,103,51,32,72,39,30,99,68,78,103,66,80,66,49,63,17,75,49,48,53,35,36,53,57,28,56,35,65,34,47,22,51,39,33,57,59,48,56,53,60,46,51,34,49,40,33,47,60,61,61,53,42,61,57,26,31,57,60,54,33,56,29,34,31,57,30,62,100,45,75,44,30,81,29,45,44,110,40,53,85,41,51,77,56,43,12,68,110,73,50,121,61,100,43,41,41,117,41,88,38,32,41,118,228,139,111,41,40,50,70,43,63,86,34,49,23,36
13,17,19,2,18,19,21,34,9,13,10,10,11,14,48,21,33,16,33,34,23,48,19,211,7,21,34,10,24,31,7,9,13,34,16,9,8,10,26,34,8,10,34,16,12,21,10,12,6,31,20,22,33,12,9,18,26,15,26,12,32,12,19,9,19,18,13,22,22,30,27,33,24,16,24,11,29,18,18,19,25,25,19,20,18,20,23,17,14,21,19,20,15,22,24,14,12,32,12,24,38,10,36,15,10,23,13,14,14,33,20,24,34,16,13,36,30,18,14,17,56,31,18,37,8,42,6,10,15,50,15,27,13,14,15,50,117,54,56,20,15,8,34,14,34,26,16,10,9,19
13,40,35,7,26,35,25,38,9,18,15,44,20,24,10,48,58,41,40,47,25,11,32,7,284,20,56,20,59,64,27,34,29,56,33,281,37,14,16,56,32,36,54,45,37,37,24,35,18,48,20,20,28,13,14,22,24,31,24,13,21,16,34,14,30,13,20,27,22,27,25,28,36,20,28,23,25,30,18,25,23,26,28,33,29,21,37,18,16,27,31,24,21,36,10,19,13,27,19,36,47,15,42,20,15,25,21,27,26,51,21,30,54,21,17,42,28,23,8,28,65,39,14,58,25,41,26,19,25,69,24,43,23,15,25,69,128,82,66,33,24,25,41,25,34,42,20,22,16,21
23,37,39,4,40,37,35,75,22,40,27,34,42,31,15,29,50,53,69,75,45,18,37,21,20,453,66,34,61,86,41,44,42,67,37,21,44,32,23,65,44,51,77,35,57,48,30,36,15,57,44,42,32,27,16,40,43,28,43,23,37,26,46,17,33,32,27,33,39,41,49,32,35,40,38,14,42,43,34,30,48,47,36,38,30,43,35,29,32,42,43,42,34,36,40,26,30,35,34,33,76,30,70,29,29,43,27,38,37,82,19,24,78,32,42,70,54,33,12,41,87,64,25,102,30,77,30,34,30,121,30,75,37,35,41,122,212,131,87,46,30,26,64,28,56,72,38,43,21,34
52,92,96,10,71,92,71,138,40,64,60,95,71,60,26,92,144,87,117,123,94,30,103,34,56,66,874,77,93,153,85,101,116,871,100,57,101,77,44,843,92,111,165,113,118,87,66,101,28,134,82,68,66,45,43,79,77,59,77,49,78,52,80,32,78,62,51,72,76,74,77,66,67,62,73,56,76,81,54,63,81,95,90,85,69,77,78,65,67,77,81,81,55,76,51,49,57,82,54,82,138,59,126,74,49,93,53,55,52,171,32,41,141,63,66,127,98,66,31,82,161,108,62,197,55,143,62,56,51,221,49,137,73,51,68,225,416,243,161,76,51,54,128,62,113,135,51,73,55,69
21,42,42,4,32,42,31,71,18,30,30,35,37,23,8,37,63,44,55,63,38,9,50,10,20,34,77,432,44,65,49,55,34,77,41,21,53,28,31,74,52,59,67,49,63,52,38,47,21,45,37,28,34,23,17,51,49,30,48,31,41,23,45,18,49,27,28,32,31,33,45,33,51,33,44,31,43,47,32,45,46,36,50,44,47,49,39,38,36,41,49,45,29,40,23,20,25,35,24,41,58,26,73,36,23,56,19,29,27,70,28,32,74,22,30,73,57,23,10,53,83,46,27,100,32,65,33,41,42,87,42,68,36,41,46,87,187,95,82,33,43,37,55,25,48,68,23,44,25,34
42,62,58,9,65,58,67,82,28,45,41,62,44,58,22,61,141,117,95,100,67,25,67,24,59,61,93,44,626,124,54,66,60,94,76,62,68,41,40,91,67,73,132,84,74,53,44,71,31,87,51,56,78,40,38,53,80,43,80,40,62,34,64,22,50,38,33,52,37,61,58,76,60,46,65,42,68,57,37,63,64,69,61,59,67,80,55,40,35,73,69,62,41,55,50,25,36,69,38,55,116,46,86,48,34,81,37,46,46,116,36,47,110,52,48,87,66,52,15,51,133,80,47,121,55,105,43,59,34,144,34,103,51,45,55,145,266,157,134,76,34,39,85,44,71,98,40,55,45,33
58,99,81,13,65,77,68,151,39,66,55,93,73,56,25,83,241,113,137,144,106,27,82,31,64,86,153,65,124,1049,89,116,88,155,89,64,110,69,59,148,98,113,237,120,120,110,81,87,28,143,97,89,85,57,52,86,100,58,100,54,77,56,104,53,94,76,58,83,80,93,83,85,102,83,95,61,100,93,66,92,98,99,91,83,89,95,90,63,61,91,111,97,66,92,64,54,49,99,62,97,185,66,145,68,57,105,59,85,84,195,54,71,160,72,82,145,117,77,29,90,220,143,64,216,86,188,77,67,56,278,52,152,73,89,109,281,505,319,223,104,56,83,151,61,138,150,56,101,73,67
38,53,57,8,35,55,35,83,25,43,37,70,40,28,22,56,79,53,91,95,51,24,61,7,27,41,85,49,54,89,554,538,55,85,49,28,536,32,33,84,536,536,92,69,538,54,47,64,19,93,54,41,49,36,25,48,48,29,48,43,65,35,63,17,45,37,33,47,45,60,47,50,66,38,51,46,49,45,36,54,49,49,53,50,61,55,43,29,30,51,49,56,36,45,31,36,23,45,27,43,103,39,71,38,35,68,27,46,43,96,21,29,82,36,55,71,58,37,20,50,112,89,47,116,42,93,36,47,49,148,48,90,38,33,39,148,280,162,114,38,49,33,87,39,78,89,51,50,40,38
42,63,67,8,40,65,40,99,27,45,46,84,46,32,23,66,101,55,101,104,62,25,75,9,34,44,101,55,66,116,538,679,64,101,52,35,591,39,41,98,586,592,113,80,593,68,49,73,24,104,63,45,55,40,35,56,54,32,54,47,67,42,66,18,57,44,39,54,54,69,55,56,68,43,58,49,54,55,44,57,57,57,60,60,64,64,54,36,29,57,57,58,38,57,31,44,32,57,37,56,121,50,89,52,41,73,33,47,44,115,21,28,96,47,59,89,74,48,19,63,141,110,47,149,46,115,42,55,56,179,55,109,49,46,55,180,350,195,144,45,55,41,105,43,90,105,56,55,47,51
35,55,61,7,41,59,40,63,19,33,39,54,34,32,13,44,97,64,66,72,52,16,61,13,29,42,116,34,60,88,55,64,477,116,60,29,59,31,26,113,58,64,99,62,67,72,37,52,18,74,51,52,49,31,23,47,55,30,55,35,44,22,50,15,46,42,18,34,37,41,40,49,48,45,37,42,55,48,26,47,56,55,50,54,53,43,49,29,30,47,54,34,43,53,24,26,25,57,28,38,78,31,57,48,28,67,20,38,37,72,23,24,89,31,41,57,43,32,13,52,75,67,38,107,42,92,39,40,38,117,37,114,28,31,38,118,205,128,76,41,38,29,61,36,57,112,23,45,28,47
52,92,96,10,72,92,72,138,40,65,60,95,71,61,26,92,145,89,117,123,96,30,103,34,56,67,871,77,94,155,85,101,116,879,99,57,101,78,44,840,92,111,166,113,118,88,66,102,28,137,82,68,67,46,44,80,79,59,79,51,79,53,81,33,78,62,51,72,78,74,77,67,68,62,74,56,76,81,54,64,80,95,90,86,69,78,80,65,68,78,82,82,56,78,51,49,58,82,55,81,139,62,127,74,49,94,54,55,52,170,32,41,144,64,66,128,98,67,32,82,165,108,63,199,56,144,63,57,52,223,50,139,74,50,67,227,419,245,165,79,52,60,129,62,114,137,52,73,55,69
34,53,56,10,40,54,41,81,23,42,34,50,41,33,14,55,92,66,76,78,64,21,51,16,33,37,100,41,76,89,49,52,60,99,505,34,60,41,30,98,53,67,107,68,68,69,59,61,21,81,55,50,56,22,33,47,53,26,53,38,56,36,60,23,49,46,20,45,44,49,48,56,64,45,50,44,59,55,34,56,51,60,42,39,57,48,55,43,36,63,65,67,44,55,41,21,34,46,35,42,86,31,82,32,44,71,25,34,34,108,25,38,93,38,53,82,61,40,17,56,95,63,38,120,47,91,38,38,35,113,34,100,40,30,35,113,225,121,96,50,35,51,65,31,50,102,28,48,34,38
15,39,35,7,27,35,26,40,9,18,15,43,20,25,12,51,59,41,41,49,25,13,32,9,281,21,57,21,62,64,28,35,29,57,34,289,38,14,19,57,33,37,57,45,38,37,25,36,19,51,21,20,28,14,15,22,27,31,27,13,22,16,34,15,30,13,20,29,23,28,26,28,36,21,30,23,25,30,20,25,24,26,27,33,29,23,37,19,17,28,29,25,22,36,11,19,14,28,20,38,51,15,42,19,16,26,24,28,27,51,22,30,55,21,19,42,28,23,9,29,66,38,14,58,25,44,27,20,26,75,25,47,23,17,27,75,133,88,67,34,25,26,43,25,36,45,20,21,16,21
43,62,71,8,37,69,37,100,30,52,49,83,50,29,23,73,101,56,112,115,60,25,72,8,37,44,101,53,68,110,536,591,59,101,60,38,694,41,42,99,587,666,109,84,664,71,50,76,24,110,71,45,61,41,34,53,58,36,58,50,68,49,64,18,53,52,38,58,59,65,50,62,66,45,62,49,58,53,43,55,57,62,63,55,63,66,59,36,35,57,58,61,44,58,33,41,32,61,38,59,123,42,93,55,45,72,36,50,47,119,30,39,102,41,62,93,76,42,21,63,150,114,51,145,47,122,44,49,57,188,56,117,46,41,50,188,368,204,153,53,55,44,111,44,95,113,66,63,45,45
28,23,37,5,41,36,39,65,6,29,22,28,25,33,13,31,69,40,52,56,49,16,39,10,14,32,77,28,41,69,32,39,31,78,41,14,41,383,18,76,34,47,49,40,49,41,28,35,10,52,33,30,39,23,22,22,34,20,34,30,34,20,33,12,40,21,26,31,38,36,30,38,34,29,36,30,39,46,15,43,36,31,27,34,43,35,42,20,36,45,41,45,34,40,25,22,12,42,23,32,61,25,55,39,23,54,17,31,29,61,15,19,54,30,45,55,42,31,9,36,70,54,26,83,29,64,24,27,34,89,33,61,23,25,33,89,163,99,70,33,35,22,56,30,49,59,23,41,22,35
26,29,28,4,21,28,23,55,11,22,18,35,21,18,21,40,55,29,58,63,36,22,30,26,16,23,44,31,40,59,33,41,26,44,30,19,42,18,365,42,36,41,62,28,41,25,28,31,16,60,28,19,24,18,17,30,32,26,32,20,34,24,26,12,40,20,19,29,38,41,33,25,34,19,39,24,38,35,32,41,30,25,31,31,37,38,33,25,25,35,40,40,24,29,21,22,23,33,22,30,62,19,55,28,20,26,25,15,15,73,19,23,72,25,24,56,39,31,13,24,75,51,24,58,26,64,21,16,31,101,30,55,27,28,36,103,183,104,76,32,31,19,49,22,43,54,30,21,26,19
51,87,94,8,70,90,70,136,40,63,60,93,68,59,25,91,140,87,116,122,90,29,99,34,56,65,843,74,91,148,84,98,113,840,98,57,99,76,42,843,90,109,161,111,116,87,63,101,28,133,78,67,65,44,41,76,75,57,75,47,78,50,77,31,75,58,50,69,74,71,75,65,65,61,73,55,75,79,54,62,79,93,87,82,68,74,77,65,67,74,76,76,54,75,51,48,57,80,54,82,135,56,123,71,48,90,52,52,50,166,30,39,139,60,65,124,95,63,31,81,155,106,61,192,53,139,58,55,50,213,48,136,71,48,65,216,400,235,155,75,50,51,123,56,108,134,50,70,54,66
40,57,62,8,36,60,36,92,27,46,42,78,44,29,21,64,95,57,96,99,53,23,68,8,32,44,92,52,67,98,536,586,58,92,53,33,587,34,36,90,610,587,104,75,588,67,48,68,22,99,54,39,53,37,31,51,50,33,50,46,66,38,63,17,47,37,36,48,54,63,48,54,65,38,57,49,51,51,40,55,54,54,57,55,64,59,49,31,30,55,52,59,39,52,33,39,31,51,29,48,113,43,85,47,40,67,32,43,41,105,22,29,90,42,54,85,68,43,19,58,126,98,44,135,42,102,41,47,53,164,52,100,43,39,46,164,312,179,129,44,52,38,97,42,84,96,54,54,42,44
46,64,78,8,40,76,41,111,32,56,54,86,54,32,25,75,107,57,116,119,69,27,78,10,36,51,111,59,73,113,536,592,64,111,67,37,666,47,41,109,587,744,115,85,742,77,54,83,25,113,74,49,62,47,36,54,67,40,67,53,75,49,70,19,56,54,42,69,65,72,54,63,69,51,65,56,58,63,48,65,62,62,69,65,73,74,62,41,36,67,61,68,53,62,34,42,37,65,42,63,131,45,103,55,44,82,41,55,52,126,34,42,106,41,66,103,84,42,23,72,158,119,53,160,50,132,45,51,60,202,59,123,53,44,54,202,400,220,161,55,60,47,119,50,104,120,64,68,51,49
57,87,89,17,77,89,73,137,35,57,52,93,62,62,30,84,332,87,150,160,98,34,103,34,54,77,165,67,132,237,92,113,99,166,107,57,109,49,62,161,104,115,1048,107,122,101,69,99,38,134,91,79,84,60,59,95,96,75,96,62,100,53,80,37,80,77,49,82,86,96,92,84,79,73,94,52,92,86,58,82,92,93,90,87,81,88,89,72,70,92,109,78,57,95,69,57,57,81,68,86,178,45,150,64,62,104,65,68,68,186,51,73,186,69,73,151,109,71,29,73,199,134,70,178,81,172,66,66,78,257,77,150,83,74,105,259,482,266,200,87,79,75,159,60,139,149,54,82,54,74
33,63,65,8,55,62,54,86,27,51,42,68,54,46,16,68,107,71,85,91,69,19,66,16,45,35,113,49,84,120,69,80,62,113,68,45,84,40,28,111,75,85,107,584,87,68,49,58,15,93,50,44,51,34,29,52,50,40,50,43,54,32,46,28,50,38,32,52,54,41,51,51,58,42,57,32,56,53,33,60,59,64,47,56,50,60,58,27,44,43,75,44,45,58,33,31,24,51,36,59,107,60,82,45,32,68,23,46,45,109,35,44,101,29,47,82,67,34,23,47,117,79,44,118,51,92,49,51,43,125,43,92,44,43,52,126,249,150,117,42,41,40,77,42,62,91,32,47,36,50
47,66,79,8,41,77,42,118,34,57,54,91,56,33,26,76,112,57,120,123,78,28,80,12,37,57,118,63,74,120,538,593,67,118,68,38,664,49,41,116,588,742,122,87,791,79,55,86,27,121,76,51,64,49,36,54,67,40,67,53,78,51,72,22,59,56,43,72,65,74,57,65,71,54,69,59,62,65,50,69,66,67,71,67,76,74,65,45,39,69,62,72,56,66,38,43,39,69,45,70,136,45,109,56,48,84,42,56,53,131,35,43,112,41,67,109,88,43,23,77,170,127,54,166,51,139,46,54,63,215,61,130,57,48,59,216,429,233,173,56,63,50,127,51,112,127,65,69,53,49
23,53,61,7,46,58,45,89,17,36,37,69,32,41,16,52,87,61,69,72,48,22,66,21,37,48,87,52,53,110,54,68,72,88,69,37,71,41,25,87,67,77,101,68,79,530,44,61,25,72,36,41,54,27,34,58,40,31,40,31,50,33,50,22,39,25,23,29,45,52,49,54,57,49,46,34,65,48,32,60,48,54,39,48,53,45,49,25,30,48,57,43,37,52,36,23,33,47,36,37,89,45,86,42,37,50,31,48,48,83,22,30,105,35,55,86,63,36,24,57,89,86,34,140,39,73,40,39,47,139,47,84,30,33,47,142,246,148,92,36,46,48,86,24,78,85,34,47,34,57
14,46,39,7,31,38,29,46,16,24,27,46,28,27,11,40,69,52,69,74,46,11,49,10,24,30,66,38,44,81,47,49,37,66,59,25,50,28,28,63,48,54,69,49,55,44,352,48,20,57,45,27,39,25,34,48,40,18,40,26,39,26,41,20,47,38,16,35,36,34,44,39,49,30,30,26,40,30,31,44,50,42,37,33,37,45,47,30,28,38,46,44,36,52,27,16,31,33,23,47,73,32,68,30,25,55,30,32,32,74,28,38,78,26,33,68,52,26,15,39,76,53,37,81,38,67,31,32,28,106,28,72,22,43,56,106,201,115,76,36,28,35,47,26,36,71,20,34,19,29
34,60,49,14,37,47,35,87,23,37,31,61,37,29,12,55,94,44,77,84,57,14,63,12,35,36,101,47,71,87,64,73,52,102,61,36,76,35,31,101,68,83,99,58,86,61,48,502,19,69,45,46,39,32,26,47,57,34,57,34,52,36,67,22,50,33,29,51,48,54,44,39,47,30,43,29,53,49,33,41,55,51,50,40,39,42,60,31,33,56,48,56,36,58,28,26,27,52,39,53,93,36,81,49,35,76,31,38,36,81,26,28,99,34,57,81,62,33,21,50,113,77,26,115,45,90,29,34,49,138,48,83,40,37,44,138,254,156,115,44,47,43,70,29,60,84,22,57,37,41
16,19,20,3,9,20,9,34,12,14,13,21,16,9,5,18,37,22,25,31,20,7,17,6,18,15,28,21,31,28,19,24,18,28,21,19,24,10,16,28,22,25,38,15,27,25,20,19,204,24,24,18,22,17,14,21,19,14,19,11,17,10,15,11,15,19,10,18,17,14,11,21,22,20,20,15,13,20,20,21,18,18,23,15,22,26,13,16,15,21,12,23,16,14,16,9,12,15,11,22,28,10,34,10,18,21,7,21,21,30,23,28,27,13,9,35,23,13,6,20,45,30,12,36,15,34,11,19,14,36,13,35,14,21,28,36,97,42,45,25,13,12,21,9,19,34,17,14,21,15
48,82,73,13,53,69,50,106,29,58,45,80,64,43,19,84,146,65,121,128,84,20,75,31,48,57,134,45,87,143,93,104,74,137,81,51,110,52,60,133,99,113,134,93,121,72,57,69,24,796,72,72,85,36,44,76,73,47,73,40,80,51,57,31,76,60,55,68,57,80,73,84,70,50,65,54,74,79,51,71,74,72,78,70,69,52,70,49,59,58,72,66,62,67,48,47,49,67,58,71,138,53,121,47,50,89,47,60,60,127,43,57,146,56,59,121,97,63,25,61,153,96,52,152,60,136,48,47,65,173,62,122,66,68,80,176,331,190,154,68,65,47,86,48,74,123,46,61,54,52
24,50,49,7,47,47,46,71,22,40,31,51,42,45,15,52,77,55,86,91,56,15,49,20,20,44,82,37,51,97,54,63,51,82,55,21,71,33,28,78,54,74,91,50,76,36,45,45,24,72,529,94,79,28,35,71,87,29,87,32,86,39,84,22,169,434,31,72,44,84,82,81,56,48,63,64,85,101,35,86,90,75,66,79,80,97,78,36,35,75,59,93,69,82,40,34,35,162,27,154,95,31,60,34,38,56,31,29,27,103,34,45,89,36,31,60,40,37,18,36,113,80,40,93,37,88,37,31,28,130,27,82,33,36,49,130,259,131,113,52,28,34,71,25,60,82,30,41,31,35
27,43,48,5,35,46,35,88,20,39,26,42,38,30,21,47,88,46,74,77,59,24,48,22,20,42,68,28,56,89,41,45,52,68,50,20,45,30,19,67,39,49,79,44,51,41,27,46,18,72,94,529,79,29,36,94,70,34,70,30,75,37,89,28,83,83,37,70,45,62,97,79,53,51,66,65,78,77,32,84,96,70,56,82,85,96,79,38,35,77,62,76,68,78,35,34,41,97,31,89,77,44,77,28,37,64,28,31,31,83,36,41,93,43,39,78,60,45,25,38,131,72,34,98,36,103,28,41,42,123,43,84,34,47,59,124,246,128,131,65,41,36,73,24,60,82,28,34,45,32
27,46,52,9,46,51,46,63,26,41,37,45,46,41,18,54,92,51,70,74,51,23,53,33,28,32,66,34,78,85,49,55,49,67,56,28,61,39,24,65,53,62,84,51,64,54,39,39,22,85,79,79,539,34,34,83,87,27,87,20,91,36,66,25,79,62,29,50,41,84,75,533,56,44,59,49,219,80,30,67,77,86,66,78,68,88,77,37,31,68,61,81,64,78,38,24,29,92,40,88,96,40,82,34,22,55,35,31,31,103,39,49,89,36,31,82,61,40,17,34,114,61,29,87,46,85,35,45,34,119,34,82,31,45,55,120,227,131,113,69,34,35,71,33,59,83,37,39,45,37
16,23,30,6,15,27,15,54,11,22,19,21,23,8,10,28,65,37,56,64,43,10,35,12,13,27,45,23,40,57,36,40,31,46,22,14,41,23,18,44,37,47,60,34,49,27,25,32,17,36,28,29,34,333,18,28,17,21,17,23,27,49,21,18,25,23,85,38,35,30,32,33,35,21,37,20,36,32,20,40,35,33,29,25,38,30,39,25,29,36,23,40,25,38,25,100,23,27,18,24,52,18,43,18,16,36,20,29,29,56,17,22,50,17,22,43,35,19,12,26,75,44,30,61,21,65,22,16,29,72,27,49,25,31,38,72,151,84,75,39,29,26,32,23,25,52,22,26,21,17
21,37,26,3,15,24,12,58,21,29,20,30,36,10,9,27,54,29,56,59,40,10,36,9,14,16,43,17,38,52,25,35,23,44,33,15,34,22,17,41,31,36,59,29,36,34,34,26,14,44,35,36,34,18,343,36,32,19,32,26,33,21,29,16,31,32,13,30,42,35,32,34,33,25,37,30,32,31,30,41,38,43,35,35,37,40,44,27,24,39,38,43,24,45,24,13,24,35,32,33,58,26,42,17,16,45,16,22,23,51,19,24,60,24,21,42,29,25,14,26,65,41,15,62,22,56,23,25,20,63,19,40,18,34,44,63,130,69,65,33,19,22,33,23,26,40,19,12,24,20
27,51,52,6,40,51,39,88,15,25,33,46,34,35,21,49,84,51,74,80,49,22,53,18,22,40,79,51,53,86,48,56,47,80,47,22,53,22,30,76,51,54,95,52,54,58,48,47,21,76,71,94,83,28,36,528,72,26,73,26,82,35,84,33,97,61,39,52,52,76,211,83,72,59,63,64,90,75,32,81,94,89,60,93,86,79,86,40,35,87,70,86,60,85,41,33,30,93,43,89,98,42,79,42,34,53,30,37,35,99,32,39,113,46,45,80,63,47,14,32,119,66,38,112,43,97,40,39,42,130,42,71,35,50,60,131,250,146,120,65,42,38,70,28,61,69,35,34,36,46
32,51,51,12,51,50,53,75,20,35,35,45,35,45,26,52,90,65,89,95,64,27,57,26,24,43,77,49,80,100,48,54,55,79,53,27,58,34,32,75,50,67,96,50,67,40,40,57,19,73,87,70,87,17,32,72,527,36,525,26,141,30,135,29,86,74,27,46,32,154,85,87,63,51,64,63,81,94,30,90,91,93,55,90,83,93,84,29,30,98,69,93,78,82,32,21,34,69,35,78,91,35,81,37,32,59,34,34,34,104,29,38,97,22,40,81,53,27,18,40,120,75,26,107,34,88,31,33,39,122,38,92,36,48,55,123,253,134,120,53,37,35,85,36,73,89,28,44,39,37
22,28,36,12,18,36,21,63,14,20,23,34,22,16,14,33,63,31,70,71,33,14,28,15,31,28,59,30,43,58,29,32,30,59,26,31,36,20,26,57,33,40,75,40,40,31,18,34,14,47,29,34,27,21,19,26,36,388,36,18,35,26,34,9,37,22,21,33,45,25,25,27,29,18,42,32,33,38,22,38,47,37,26,40,45,32,37,16,26,32,36,34,41,36,16,24,21,47,20,41,65,18,64,24,24,36,23,27,27,62,21,26,68,34,26,66,46,35,6,29,85,55,27,71,23,63,20,25,27,95,25,47,26,26,30,95,180,103,85,36,27,20,52,12,47,46,16,36,23,29
32,51,51,12,51,50,53,74,20,35,35,45,35,45,26,52,90,65,89,95,64,27,56,26,24,43,77,48,80,100,48,54,55,79,53,27,58,34,32,75,50,67,96,50,67,40,40,57,19,73,87,70,87,17,32,73,525,36,528,26,142,29,138,29,85,74,28,46,32,157,86,87,63,50,64,63,81,95,30,91,94,93,55,93,86,94,84,29,30,100,70,95,77,82,32,21,34,70,35,78,91,35,81,37,32,59,34,33,33,104,29,38,98,22,40,81,53,27,18,40,119,75,26,107,34,88,31,33,39,122,38,93,35,48,55,123,255,134,119,52,37,35,85,36,73,90,28,44,39,37
18,31,44,4,29,44,30,46,17,26,36,41,26,25,12,40,55,38,49,50,30,15,35,12,13,23,49,31,40,54,43,47,35,51,38,13,50,30,20,47,46,53,62,43,53,31,26,34,11,40,32,30,20,23,26,26,26,18,26,308,28,27,28,13,35,25,18,28,31,25,34,21,30,28,34,17,34,29,22,18,23,28,28,22,25,34,30,22,28,36,36,27,20,29,28,18,18,29,16,31,53,31,44,33,22,44,19,28,28,48,11,16,49,21,24,44,34,22,12,20,44,46,20,57,36,60,28,22,25,75,24,48,19,18,25,75,126,85,45,23,25,27,42,25,38,46,27,25,20,35
24,46,49,5,41,49,39,93,19,36,32,42,35,33,16,57,77,58,86,96,46,18,65,32,21,37,78,41,62,77,65,67,44,79,56,22,68,34,34,78,66,75,100,54,78,50,39,52,17,80,86,75,91,27,33,82,141,35,142,28,536,24,116,35,82,74,31,53,43,130,69,92,76,54,64,68,94,93,27,88,107,85,60,95,87,98,69,31,38,91,61,96,76,75,32,25,29,93,38,93,90,39,79,41,30,62,35,23,23,99,22,27,90,42,30,79,64,44,14,37,116,76,44,91,40,94,38,39,30,123,30,89,40,44,53,124,246,136,116,60,29,34,72,31,63,87,32,37,34,41
19,31,35,6,23,32,21,52,10,16,23,37,25,20,10,43,57,25,58,62,37,13,34,12,16,26,52,23,34,56,35,42,22,53,36,16,49,20,24,50,38,49,53,32,51,33,26,36,10,51,39,37,36,49,21,35,30,26,29,27,24,339,26,22,20,35,46,35,36,31,35,36,37,24,41,32,40,30,26,42,40,30,33,25,40,33,39,23,28,31,35,34,26,37,18,46,24,34,28,41,64,26,57,24,18,38,24,18,17,69,18,23,56,32,30,57,39,32,7,32,77,47,25,67,28,61,29,25,24,86,23,50,28,29,33,86,171,93,78,32,24,28,43,19,34,52,20,27,23,14
36,38,46,9,45,46,43,85,18,33,33,45,36,35,20,49,78,56,88,92,51,24,47,19,34,46,80,45,64,104,63,66,50,81,60,34,64,33,26,77,63,70,80,46,72,50,41,67,15,57,84,89,66,21,29,84,135,34,138,28,116,26,525,24,80,74,27,57,40,145,83,66,45,42,71,67,77,91,40,97,102,80,51,88,93,98,90,34,33,100,62,93,66,93,28,27,36,87,32,85,83,35,70,38,24,58,32,38,38,102,29,38,82,40,42,70,53,40,15,56,122,70,28,115,28,86,27,40,36,115,36,75,37,47,59,115,243,133,122,64,35,40,63,26,52,75,40,32,32,29
14,23,20,1,12,20,13,29,9,14,11,17,17,11,7,28,31,22,25,29,23,9,22,9,14,17,32,18,22,53,17,18,15,33,23,15,18,12,12,31,17,19,37,28,22,22,20,22,11,31,22,28,25,18,16,33,29,9,29,13,35,22,24,211,33,18,16,22,20,28,28,25,109,21,22,11,25,31,22,18,26,23,19,29,16,28,26,8,19,24,17,28,18,25,8,13,24,24,10,33,41,5,34,21,14,23,17,23,23,39,11,13,43,18,19,34,22,18,7,21,44,30,14,46,24,34,14,12,23,54,21,38,13,11,17,55,100,59,44,23,23,22,28,13,24,38,11,15,9,12
26,44,50,9,42,48,42,89,26,41,33,42,38,34,17,54,70,42,64,67,52,18,51,19,30,33,78,49,50,94,45,57,46,78,49,30,53,40,40,75,47,56,80,50,59,39,47,50,15,76,169,83,79,25,31,97,86,37,85,35,82,20,80,33,533,149,23,49,47,91,85,79,66,48,63,60,98,101,38,78,87,89,59,94,79,84,86,39,44,73,69,72,58,93,36,28,34,163,40,175,89,31,73,43,31,53,27,30,29,99,31,35,79,36,32,74,57,38,17,34,99,65,30,95,44,103,31,37,44,141,42,70,39,57,68,142,247,150,100,53,43,33,79,39,69,70,30,39,25,42
21,40,38,7,38,36,37,59,19,33,25,42,37,36,9,47,65,42,66,70,45,9,39,18,13,32,62,27,38,76,37,44,42,62,46,13,52,21,20,58,37,54,77,38,56,25,38,33,19,60,434,83,62,23,32,61,74,22,74,25,74,35,74,18,149,434,20,57,34,70,67,64,46,40,48,58,72,83,28,72,77,63,51,65,68,78,64,28,26,65,48,73,63,66,35,29,30,141,21,138,74,22,50,23,30,41,22,23,21,84,24,34,78,26,24,50,34,27,14,25,93,58,31,72,32,75,30,22,22,97,21,63,27,31,43,97,202,99,93,45,22,22,57,17,47,62,24,31,25,29
15,32,38,4,19,37,19,43,17,29,25,27,31,12,12,39,46,30,55,58,39,14,33,13,20,27,51,28,33,58,33,39,18,51,20,20,38,26,19,50,36,42,49,32,43,23,16,29,10,55,31,37,29,85,13,39,27,21,28,18,31,46,27,16,23,20,347,29,29,31,30,29,24,21,35,24,33,40,18,40,30,38,22,43,32,43,44,25,26,36,23,33,27,41,16,92,19,45,18,28,54,15,41,21,18,35,12,24,24,58,18,22,52,26,26,41,34,30,11,32,81,48,20,65,32,60,9,20,26,67,25,51,27,28,30,68,160,82,81,36,26,20,38,16,32,51,14,30,24,23
18,45,57,3,34,54,33,84,25,43,34,42,39,30,18,66,83,53,82,88,52,19,57,22,27,33,72,32,52,83,47,54,34,72,45,29,58,31,29,69,48,69,82,52,72,29,35,51,18,68,72,70,50,38,30,52,46,33,46,28,53,35,57,22,49,57,29,506,41,55,53,50,52,51,68,31,46,58,39,53,61,60,48,53,45,59,55,32,36,64,53,63,47,54,28,23,28,63,31,66,85,33,72,44,40,47,21,37,37,91,30,38,78,35,35,72,62,36,27,35,105,70,40,84,40,81,30,46,32,122,32,82,44,33,47,123,224,143,105,46,31,29,71,28,64,81,34,30,32,30
28,40,45,7,38,43,40,85,23,43,30,35,38,33,13,44,86,38,78,86,47,14,59,22,22,39,76,31,37,80,45,54,37,78,44,23,59,38,38,74,54,65,86,54,65,45,36,48,17,57,44,45,41,35,42,52,32,45,32,31,43,36,40,20,47,34,29,41,558,43,50,39,48,46,52,37,61,47,31,53,56,45,42,48,58,53,50,32,37,52,52,56,42,48,34,33,28,50,34,61,92,36,86,28,31,51,31,31,29,79,34,40,82,37,44,86,65,38,14,31,121,63,38,89,29,93,30,31,31,133,31,76,43,49,58,135,273,143,121,54,29,31,86,21,80,76,37,47,39,27
34,47,50,14,42,50,41,80,26,37,31,44,39,37,18,48,73,63,92,101,58,19,48,30,27,41,74,33,61,93,60,69,41,74,49,28,65,36,41,71,63,72,96,41,74,52,34,54,14,80,84,62,84,30,35,76,154,25,157,25,130,31,145,28,91,70,31,55,43,530,76,85,65,48,77,81,78,88,30,103,88,81,49,92,98,94,76,31,28,93,47,96,72,75,30,32,30,86,34,83,90,28,73,37,23,53,32,37,38,100,20,24,96,40,32,73,56,43,12,27,119,72,36,96,40,112,26,26,31,118,30,76,47,53,57,118,230,128,119,61,31,26,69,33,59,74,35,43,34,31
28,48,53,8,40,51,43,60,18,32,32,43,31,36,21,54,93,55,89,94,52,23,56,27,25,49,77,45,58,83,47,55,40,77,48,26,50,30,33,75,48,54,92,51,57,49,44,44,11,73,82,97,75,32,32,211,85,25,86,34,69,35,83,28,85,67,30,53,50,76,530,74,55,57,69,59,76,85,24,84,94,94,57,86,84,86,81,36,41,85,61,86,62,77,44,37,28,80,43,86,94,30,87,45,32,50,33,31,31,92,25,31,97,45,34,88,67,48,23,36,97,49,37,101,41,96,36,38,34,125,32,68,30,48,60,125,231,130,98,55,32,34,68,34,60,67,40,29,36,30
26,46,51,9,47,50,47,62,25,40,36,44,44,42,18,51,93,50,69,73,53,23,53,33,28,32,66,33,76,85,50,56,49,67,56,28,62,38,25,65,54,63,84,51,65,54,39,39,21,84,81,79,533,33,34,83,87,27,87,21,92,36,66,25,79,64,29,50,39,85,74,535,56,42,60,48,219,80,30,67,77,86,65,78,67,88,76,38,32,68,60,81,64,77,37,23,28,89,39,88,96,39,80,34,21,54,35,31,31,103,36,46,88,35,31,80,59,39,17,34,114,62,29,87,47,83,35,45,34,119,34,81,31,45,55,120,228,131,113,68,34,35,71,34,59,82,37,39,46,37
38,45,36,7,31,36,32,86,22,37,25,36,37,27,18,47,76,55,67,78,61,18,60,24,36,35,67,51,60,102,66,68,48,68,64,36,66,34,34,65,65,69,79,58,71,57,49,47,22,70,56,53,56,35,33,72,63,29,63,30,76,37,45,109,66,46,24,52,48,65,55,56,523,43,50,46,60,69,32,65,69,50,52,58,63,66,67,22,35,67,63,68,61,65,38,24,32,66,34,74,105,29,76,40,34,64,29,41,40,105,34,45,117,38,36,77,58,42,15,34,113,77,26,90,38,88,37,51,53,112,50,72,30,47,58,113,230,130,114,67,51,48,55,28,49,68,38,39,31,35
21,33,33,11,31,31,30,66,23,39,22,36,40,25,18,37,58,46,57,68,41,19,46,16,20,40,62,33,46,83,38,43,45,62,45,21,45,29,19,61,38,51,73,42,54,49,30,30,20,50,48,51,44,21,25,59,51,18,50,28,54,24,42,21,48,40,21,51,46,48,57,42,43,505,53,42,50,54,37,56,57,43,51,58,58,73,62,35,32,54,51,49,38,59,33,29,33,49,35,54,85,33,64,26,26,45,33,31,31,75,27,35,77,24,28,64,46,26,17,36,86,64,27,86,33,85,19,32,35,94,34,77,35,25,34,96,205,104,86,43,34,26,53,25,47,73,28,35,30,29
30,47,51,10,39,50,37,78,22,41,32,48,46,34,16,49,88,48,99,108,47,18,51,24,28,38,73,44,65,95,51,58,37,74,50,30,62,36,39,73,57,65,94,57,69,46,30,43,20,65,63,66,59,37,37,63,64,42,64,34,64,41,71,22,63,48,35,68,52,77,69,60,50,53,530,47,60,68,29,61,67,75,89,51,66,71,71,36,28,57,68,68,39,71,28,34,23,75,27,72,106,47,78,33,28,65,35,34,33,126,27,33,102,39,32,78,60,45,22,52,112,87,50,101,37,99,40,43,34,135,32,89,44,50,61,137,264,145,113,60,32,39,80,24,72,89,43,41,47,27
20,33,43,11,26,42,30,56,13,26,25,32,26,19,6,33,66,31,70,70,43,7,34,11,23,14,56,31,42,61,46,49,42,56,44,23,49,30,24,55,49,56,52,32,59,34,26,29,15,54,64,65,49,20,30,64,63,32,63,17,68,32,67,11,60,58,24,31,37,81,59,48,46,42,47,369,53,99,27,307,108,63,36,84,369,97,56,15,19,108,46,130,172,57,20,17,27,57,27,67,63,19,63,28,30,40,17,26,27,62,29,32,63,24,28,63,44,25,9,29,74,55,34,66,28,75,25,31,26,86,23,44,34,38,43,87,186,92,74,34,25,23,54,28,46,46,28,27,34,20
31,45,53,5,46,52,42,87,25,44,34,40,47,36,16,47,99,63,82,90,66,20,49,29,25,42,76,43,68,100,49,54,55,76,59,25,58,39,38,75,51,58,92,56,62,65,40,53,13,74,85,78,219,36,32,90,81,33,81,34,94,40,77,25,98,72,33,46,61,78,76,219,60,50,60,53,533,83,37,71,86,79,54,79,69,84,85,44,48,77,74,74,69,86,42,27,32,107,38,84,103,36,86,31,31,60,37,30,29,108,37,41,97,38,47,86,69,45,20,43,100,74,45,108,37,106,45,40,34,119,34,73,44,49,60,120,229,125,102,60,34,39,73,43,65,73,37,43,36,41
36,49,59,11,38,57,39,82,23,53,40,53,41,30,20,46,83,59,89,94,65,23,40,18,30,43,81,47,57,93,45,55,48,81,55,30,53,46,35,79,51,63,86,53,65,48,30,49,20,79,101,77,80,32,31,75,94,38,95,29,93,30,91,31,101,83,40,58,47,88,85,80,69,54,68,99,83,525,30,116,103,97,61,113,125,117,90,37,26,141,72,136,112,93,32,32,32,87,31,95,95,42,80,42,36,44,32,46,46,81,32,41,89,44,40,80,65,47,17,47,115,77,38,107,42,100,29,42,49,125,48,81,41,49,54,127,251,139,116,67,49,38,77,22,63,82,40,34,44,39
30,31,43,10,15,42,12,51,15,24,33,38,21,9,14,36,74,34,56,58,34,15,33,18,18,34,54,32,37,66,36,44,26,54,34,20,43,15,32,54,40,48,58,33,50,32,31,33,20,51,35,32,30,20,30,32,30,22,30,22,27,26,40,22,38,28,18,39,31,30,24,30,32,37,29,27,37,30,383,35,35,41,31,38,42,36,54,158,77,43,37,31,18,50,77,20,199,37,57,47,69,23,68,25,22,34,36,24,24,68,27,31,73,22,30,68,51,27,19,39,70,61,22,83,24,69,19,25,19,84,19,53,31,26,30,85,177,88,74,35,19,18,45,20,40,53,14,23,27,17
27,41,49,11,35,49,40,72,19,39,29,39,38,27,13,56,92,51,99,100,69,15,47,19,25,30,63,45,63,92,54,57,47,64,56,25,55,43,41,62,55,65,82,60,69,60,44,41,21,71,86,84,67,40,41,81,90,38,91,18,88,42,97,18,78,72,40,53,53,103,84,67,65,56,61,307,71,116,35,522,137,79,47,130,417,134,69,30,32,133,61,149,196,69,31,28,31,82,36,80,85,33,81,33,36,60,27,40,41,95,39,42,92,34,43,81,57,37,14,44,120,81,43,91,41,118,37,46,40,114,39,76,44,53,59,115,254,131,120,60,39,34,67,33,58,79,34,43,41,36
37,52,46,9,55,46,55,95,25,38,31,51,48,44,17,49,100,52,82,86,76,20,60,25,23,48,81,46,64,98,49,57,56,80,51,24,57,36,30,79,54,62,92,59,66,48,50,55,18,74,90,96,77,35,38,94,91,47,94,23,107,40,102,26,87,77,30,61,56,88,94,77,69,57,67,108,86,103,35,137,535,85,58,157,143,119,73,33,32,123,58,131,110,75,31,29,39,99,42,93,95,46,91,42,36,66,47,43,43,87,28,34,87,28,51,92,73,33,16,40,114,69,39,105,36,99,37,47,41,121,41,77,50,46,57,121,259,137,114,66,40,36,64,37,54,80,35,43,19,38
33,54,58,8,33,58,37,82,31,46,43,54,46,26,14,56,86,53,96,99,55,17,61,25,26,47,95,36,69,99,49,57,55,95,60,26,62,31,25,93,54,62,93,64,67,54,42,51,18,72,75,70,86,33,43,89,93,37,93,28,85,30,80,23,89,63,38,60,45,81,94,86,50,43,75,63,79,97,41,79,85,541,66,84,73,93,143,35,26,83,71,82,66,149,31,33,36,95,35,100,117,36,67,39,26,50,24,38,38,115,25,35,96,45,43,67,56,47,22,49,114,81,39,116,43,100,38,39,44,139,44,74,44,43,54,142,257,156,114,59,41,27,73,43,63,73,41,34,33,37
36,34,43,10,25,41,23,64,21,35,28,49,37,18,22,46,101,49,94,100,63,22,61,19,28,36,90,50,61,91,53,60,50,90,42,27,63,27,31,87,57,69,90,47,71,39,37,50,23,78,66,56,66,29,35,60,55,26,55,28,60,33,51,19,59,51,22,48,42,49,57,65,52,51,89,36,54,61,31,47,58,66,525,67,54,49,48,35,31,52,60,63,36,51,42,38,27,50,26,62,105,41,72,38,25,55,39,25,26,106,32,42,93,39,30,72,61,41,26,39,127,64,32,101,37,98,32,37,46,126,43,72,40,41,56,129,244,131,127,64,44,36,66,31,62,71,38,52,30,27
24,41,56,6,39,55,38,90,20,38,35,45,39,31,22,67,81,59,74,80,60,25,53,20,33,38,85,44,59,83,50,60,54,86,39,33,55,34,31,82,55,65,87,56,67,48,33,40,15,70,79,82,78,25,35,93,90,40,93,22,95,25,88,29,94,65,43,53,48,92,86,78,58,58,51,84,79,113,38,130,157,84,67,521,120,125,75,39,34,128,66,113,93,73,38,31,39,100,39,83,98,40,85,31,20,58,36,39,37,98,30,36,82,32,38,85,69,38,17,36,109,64,27,105,34,101,31,39,43,117,44,72,44,43,56,119,237,132,110,59,42,31,72,27,59,71,37,33,32,31
27,46,51,14,37,50,41,73,22,42,31,49,37,25,15,50,89,49,96,98,59,17,42,18,29,30,69,47,67,89,61,64,53,69,57,29,63,43,37,68,64,73,81,50,76,53,37,39,22,69,80,85,68,38,37,86,83,45,86,25,87,40,93,16,79,68,32,45,58,98,84,67,63,58,66,369,69,125,42,417,143,73,54,120,522,131,70,26,27,146,64,161,186,69,35,23,37,82,35,83,83,30,86,34,35,59,26,36,37,83,39,42,92,37,44,86,62,40,13,42,107,72,44,86,38,105,41,44,41,124,39,71,45,53,60,125,263,133,107,51,40,37,76,32,66,73,35,41,46,35
30,51,43,8,35,43,35,90,32,57,25,51,49,30,19,63,93,55,74,83,64,21,61,20,21,43,77,49,80,95,55,64,43,78,48,23,66,35,38,74,59,74,88,60,74,45,45,42,26,52,97,96,88,30,40,79,93,32,94,34,98,33,98,28,84,78,43,59,53,94,86,88,66,73,71,97,84,117,36,134,119,93,49,125,131,526,84,38,32,118,70,122,107,80,30,33,37,89,45,88,105,47,82,26,25,68,36,50,49,88,27,34,100,35,36,82,61,36,20,41,106,78,40,96,36,101,30,47,44,143,42,72,43,47,61,143,272,156,108,57,44,41,72,28,63,69,35,42,32,30
26,45,59,8,31,59,32,82,19,28,40,46,41,25,20,54,87,44,65,72,55,20,57,23,37,35,78,39,55,90,43,54,49,80,55,37,59,42,33,77,49,62,89,58,65,49,47,60,13,70,78,79,77,39,44,86,84,37,84,30,69,39,90,26,86,64,44,55,50,76,81,76,67,62,71,56,85,90,54,69,73,143,48,75,70,84,539,45,36,70,71,68,57,492,38,36,48,77,37,84,101,34,68,44,23,56,25,39,39,119,24,37,91,35,46,68,54,37,19,50,114,68,32,106,42,101,38,36,45,120,46,84,39,42,55,122,237,131,115,54,44,51,75,34,61,86,35,38,37,32
22,36,42,11,21,42,19,50,11,16,28,29,19,15,11,31,67,39,61,68,43,12,26,17,18,29,65,38,40,63,29,36,29,65,43,19,36,20,25,65,31,41,72,27,45,25,30,31,16,49,36,38,37,25,27,40,29,16,29,22,31,23,34,8,39,28,25,32,32,31,36,38,22,35,36,15,44,37,158,30,33,35,35,39,26,38,45,356,77,34,35,29,22,42,67,19,131,41,54,40,66,20,64,22,31,38,27,23,24,75,17,20,65,29,29,64,45,34,20,33,70,49,16,72,17,67,19,25,28,74,25,46,29,34,41,74,152,76,73,36,28,23,41,21,38,46,20,22,30,17
16,30,27,12,17,27,17,67,16,20,23,28,28,15,18,21,72,33,65,70,41,20,31,14,16,32,67,36,35,61,30,29,30,68,36,17,35,36,25,67,30,36,70,44,39,30,28,33,15,59,35,35,31,29,24,35,30,26,30,28,38,28,33,19,44,26,26,36,37,28,41,32,35,32,28,19,48,26,77,32,32,26,31,34,27,32,36,77,367,35,51,27,32,38,99,29,68,26,75,44,68,24,65,26,17,37,29,25,25,61,12,17,64,24,41,65,49,28,9,25,72,56,23,62,30,56,35,28,32,96,30,65,19,35,40,96,164,103,74,36,31,24,56,15,51,65,25,35,19,33
25,44,50,12,35,49,35,88,25,42,33,43,47,28,13,42,83,45,81,89,60,16,57,21,27,42,77,41,73,91,51,57,47,78,63,28,57,45,35,74,55,67,92,43,69,48,38,56,21,58,75,77,68,36,39,87,98,32,100,36,91,31,100,24,73,65,36,64,52,93,85,68,67,54,57,108,77,141,43,133,123,83,52,128,146,118,70,34,35,532,61,216,116,69,32,32,30,77,34,76,85,26,85,36,28,60,28,36,35,93,35,42,89,38,45,85,62,40,23,33,103,68,32,96,35,103,23,32,49,124,49,82,36,46,51,124,247,137,103,45,50,27,74,30,60,83,38,36,34,36
29,53,48,6,40,47,39,97,21,31,35,62,34,34,21,43,99,64,91,99,50,23,60,19,31,43,81,49,69,111,49,57,54,82,65,29,58,41,40,76,52,61,109,75,62,57,46,48,12,72,59,62,61,23,38,70,69,36,70,36,61,35,62,17,69,48,23,53,52,47,61,60,63,51,68,46,74,72,37,61,58,71,60,66,64,70,71,35,51,61,557,66,45,74,46,21,39,77,40,72,103,48,111,43,34,68,36,41,39,109,32,47,93,33,54,111,86,34,22,47,128,73,33,106,53,91,35,43,60,156,59,94,38,44,58,156,283,174,129,49,58,43,86,40,78,94,43,51,44,46
24,45,58,8,30,58,29,92,25,46,42,41,49,21,12,51,76,45,96,101,64,15,54,20,24,42,81,45,62,97,56,58,34,82,67,25,61,45,40,76,59,68,78,44,72,43,44,56,23,66,93,76,81,40,43,86,93,34,95,27,96,34,93,28,72,73,33,63,56,96,86,81,68,49,68,130,74,136,31,149,131,82,63,113,161,122,68,29,27,216,66,527,131,69,42,34,27,90,28,83,92,33,71,35,32,58,42,37,36,104,37,47,96,41,37,71,52,44,15,43,121,79,40,105,29,99,28,43,39,123,40,79,46,43,51,123,266,141,121,61,39,40,66,31,57,82,45,35,38,39
18,31,42,7,30,42,33,64,12,26,25,28,27,25,12,40,66,41,74,74,44,14,33,15,21,34,55,29,41,66,36,38,43,56,44,22,44,34,24,54,39,53,57,45,56,37,36,36,16,62,69,68,64,25,24,60,78,41,77,20,76,26,66,18,58,63,27,47,42,72,62,64,61,38,39,172,69,112,18,196,110,66,36,93,186,107,57,22,32,116,45,131,369,60,23,18,24,63,32,72,70,19,59,23,23,41,29,29,30,69,23,26,66,26,27,59,41,27,8,25,87,63,38,70,25,71,30,35,26,80,25,62,29,32,36,81,169,93,87,54,26,23,46,18,36,61,28,34,31,32
24,45,63,9,32,63,34,80,20,30,43,53,40,26,20,51,88,44,68,75,62,20,56,22,36,36,76,40,55,92,45,57,53,78,55,36,58,40,29,75,52,62,95,58,66,52,52,58,14,67,82,78,78,38,45,85,82,36,82,29,75,37,93,25,93,66,41,54,48,75,77,77,65,59,71,57,86,93,50,69,75,149,51,73,69,80,492,42,38,69,74,69,60,539,38,36,44,78,35,87,99,36,73,44,27,55,28,42,42,123,24,37,96,39,39,73,58,41,18,52,108,69,32,110,48,99,35,36,41,120,42,83,41,47,61,122,237,127,109,54,40,47,77,35,61,85,36,37,37,33
16,29,30,4,27,30,24,54,23,31,22,32,35,22,11,26,60,39,49,53,41,11,29,24,10,40,51,23,50,64,31,31,24,51,41,11,33,25,21,51,33,34,69,33,38,36,27,28,16,48,40,35,38,25,24,41,32,16,32,28,32,18,28,8,36,35,16,28,34,30,44,37,38,33,28,20,42,32,77,31,31,31,42,38,35,30,38,67,99,32,46,42,23,38,356,19,65,38,73,41,76,22,54,19,27,45,31,34,34,64,24,31,72,28,36,54,40,30,13,27,82,49,22,71,35,68,23,26,22,85,20,54,31,35,44,87,172,92,84,43,22,25,55,23,52,54,19,33,23,31
21,23,34,6,17,34,17,48,12,23,21,24,34,14,10,33,56,24,49,49,25,10,34,14,19,26,49,20,25,54,36,44,26,49,21,19,41,22,22,48,39,42,57,31,43,23,16,26,9,47,34,34,24,100,13,33,21,24,21,18,25,46,27,13,28,29,92,23,33,32,37,23,24,29,34,17,27,32,20,28,29,33,38,31,23,33,36,19,29,32,21,34,18,36,19,321,16,29,17,29,55,19,49,17,17,31,22,23,23,61,20,26,60,24,25,50,42,26,13,26,82,44,24,65,21,52,18,16,26,85,25,42,19,28,32,86,151,94,83,41,26,18,39,20,32,43,18,22,23,23
23,25,32,9,15,31,15,46,14,19,21,25,23,10,14,28,71,36,52,55,28,15,31,12,13,30,57,25,36,49,23,32,25,58,34,14,32,12,23,57,31,37,57,24,39,33,31,27,12,49,35,41,29,23,24,30,34,21,34,18,29,24,36,24,34,30,19,28,28,30,28,28,32,33,23,27,32,32,199,31,39,36,27,39,37,37,48,131,68,30,39,27,24,44,65,16,324,40,48,42,63,19,61,22,22,28,27,25,25,69,20,21,65,23,26,61,46,28,14,30,58,48,15,56,25,46,23,26,18,71,18,40,22,26,29,71,145,75,61,33,18,22,41,14,36,41,11,17,25,12
37,44,59,4,38,57,34,72,26,44,40,49,41,27,21,60,75,61,79,88,52,23,57,32,27,35,82,35,69,99,45,57,57,82,46,28,61,42,33,80,51,65,81,51,69,47,33,52,15,67,162,97,92,27,35,93,69,47,70,29,93,34,87,24,163,141,45,63,50,86,80,89,66,49,75,57,107,87,37,82,99,95,50,100,82,89,77,41,26,77,77,90,63,78,38,29,40,543,37,163,96,43,80,40,33,65,38,32,31,111,34,35,81,35,41,81,70,37,24,33,115,68,50,84,37,106,37,24,47,135,47,75,40,45,55,138,260,137,115,63,47,33,86,34,74,72,34,26,31,45
20,29,39,4,23,39,23,59,17,27,28,23,29,20,12,30,59,36,41,45,44,14,30,12,19,34,54,24,38,62,27,37,28,55,35,20,38,23,22,54,29,42,68,36,45,36,23,39,11,58,27,31,40,18,32,43,35,20,35,16,38,28,32,10,40,21,18,31,34,34,43,39,34,35,27,27,38,31,57,36,42,35,26,39,35,45,37,54,75,34,40,28,32,35,73,17,48,37,344,31,69,25,68,18,20,35,20,23,24,59,17,22,68,15,26,68,49,17,14,26,52,43,25,68,28,76,16,31,19,85,19,54,26,25,30,86,151,97,54,24,19,22,47,16,44,54,20,31,27,27
30,47,51,9,39,49,37,82,27,39,34,43,39,32,13,57,88,48,73,78,59,14,62,24,36,33,82,41,55,97,43,56,38,81,42,38,59,32,30,82,48,63,86,59,70,37,47,53,22,71,154,89,88,24,33,89,78,41,78,31,93,41,85,33,175,138,28,66,61,83,86,88,74,54,72,67,84,95,47,80,93,100,62,83,83,88,84,40,44,76,72,83,72,87,41,29,42,163,31,533,89,29,73,35,24,61,30,37,37,103,28,36,102,40,29,74,61,42,20,42,108,69,32,98,44,102,34,26,39,122,38,76,41,43,53,124,255,138,108,50,36,47,68,37,53,73,29,34,30,35
57,103,93,18,73,91,75,148,59,84,59,105,84,61,40,86,173,95,162,179,99,44,100,38,47,76,138,58,116,185,103,121,78,139,86,51,123,61,62,135,113,131,178,107,136,89,73,93,28,138,95,77,96,52,58,98,91,65,91,53,90,64,83,41,89,74,54,85,92,90,94,96,105,85,106,63,103,95,69,85,95,117,105,98,83,105,101,66,68,85,103,92,70,99,76,55,63,96,69,89,1076,59,153,63,62,106,70,70,70,207,61,77,179,70,73,154,118,74,42,93,236,129,71,215,76,184,68,74,81,260,79,170,77,100,120,263,521,285,235,123,75,82,143,75,125,167,71,68,69,64
13,41,36,3,18,34,17,49,19,26,27,49,38,13,14,34,69,42,39,47,50,14,45,10,15,30,59,26,46,66,39,50,31,62,31,15,42,25,19,56,43,45,45,60,45,45,32,36,10,53,31,44,40,18,26,42,35,18,35,31,39,26,35,5,31,22,15,33,36,28,30,39,29,33,47,19,36,42,23,33,46,36,41,40,30,47,34,20,24,26,48,33,19,36,22,19,19,43,25,29,59,363,62,21,17,58,29,26,26,72,11,15,55,24,36,62,47,23,12,31,71,53,28,73,29,67,32,35,36,100,36,59,23,24,31,102,163,110,72,33,36,28,63,22,52,58,14,30,22,21
39,66,63,12,55,62,56,114,43,68,39,56,72,49,29,62,145,70,129,139,92,33,75,36,42,70,126,73,86,145,71,89,57,127,82,42,93,55,55,123,85,103,150,82,109,86,68,81,34,121,60,77,82,43,42,79,81,64,81,44,79,57,70,34,73,50,41,72,86,73,87,80,76,64,78,63,86,80,68,81,91,67,72,85,86,82,68,64,65,85,111,71,59,73,54,49,61,80,68,73,153,62,896,53,55,73,57,47,46,138,53,66,140,64,66,896,649,68,26,56,211,132,62,173,57,185,45,52,66,225,65,122,69,77,100,230,448,245,210,95,67,49,140,56,124,123,56,59,64,72
24,43,46,4,32,46,35,69,18,29,32,42,32,24,8,37,61,36,56,61,35,9,44,15,20,29,74,36,48,68,38,52,48,74,32,19,55,39,28,71,47,55,64,45,56,42,30,49,10,47,34,28,34,18,17,42,37,24,37,33,41,24,38,21,43,23,21,44,28,37,45,34,40,26,33,28,31,42,25,33,42,39,38,31,34,26,44,22,26,36,43,35,23,44,19,17,22,40,18,35,63,21,53,363,27,38,25,34,34,65,18,23,54,23,38,53,41,24,8,28,82,48,28,77,46,61,31,31,31,92,31,72,21,26,29,93,172,104,82,32,32,32,63,26,55,66,23,40,21,24
22,32,35,7,26,31,26,55,12,25,16,32,20,23,9,31,48,21,59,61,26,10,30,10,15,29,49,23,34,57,35,41,28,49,44,16,45,23,20,48,40,44,62,32,48,37,25,35,18,50,38,37,22,16,16,34,32,24,32,22,30,18,24,14,31,30,18,40,31,23,32,21,34,26,28,30,31,36,22,36,36,26,25,20,35,25,23,31,17,28,34,32,23,27,27,17,22,33,20,24,62,17,55,27,342,24,23,23,23,65,19,24,69,18,31,55,43,18,9,38,70,51,29,85,25,57,22,31,21,93,21,66,27,37,45,96,182,108,71,37,20,26,50,19,43,64,20,30,18,22
36,66,56,10,49,55,48,78,29,50,40,57,53,40,15,52,99,68,87,96,79,16,81,23,25,43,93,56,81,105,68,73,67,94,71,26,72,54,26,90,67,82,104,68,84,50,55,76,21,89,56,64,55,36,45,53,59,36,59,44,62,38,58,23,53,41,35,47,51,53,50,54,64,45,65,40,60,44,34,60,66,50,55,58,59,68,56,38,37,60,68,58,41,55,45,31,28,65,35,61,106,58,73,38,24,581,26,50,50,106,29,38,91,42,50,73,55,46,27,49,110,74,36,117,63,105,50,51,45,117,43,97,37,41,50,117,229,128,111,55,45,42,63,57,55,100,30,53,35,47
18,20,20,3,24,20,24,61,13,18,11,23,26,22,15,20,49,26,58,62,32,19,29,13,21,27,53,19,37,59,27,33,20,54,25,24,36,17,25,52,32,41,65,23,42,31,30,31,7,47,31,28,35,20,16,30,34,23,34,19,35,24,32,17,27,22,12,21,31,32,33,35,29,33,35,17,37,32,36,27,47,24,39,36,26,36,25,27,29,28,36,42,29,28,31,22,27,38,20,30,70,29,57,25,23,26,376,25,25,75,23,26,61,22,16,57,43,23,10,28,86,55,22,71,15,67,11,20,23,97,23,72,68,37,46,99,182,103,87,46,23,22,53,12,49,71,24,23,28,21
26,33,35,4,39,35,43,60,16,25,21,41,25,33,9,31,66,47,60,64,55,12,45,14,27,38,55,29,46,85,46,47,38,55,34,28,50,31,15,52,43,55,68,46,56,48,32,38,21,60,29,31,31,29,22,37,34,27,33,28,23,18,38,23,30,23,24,37,31,37,31,31,41,31,34,26,30,46,24,40,43,38,25,39,36,50,39,23,25,36,41,37,29,42,34,23,25,32,23,37,70,26,47,34,23,50,25,394,383,63,18,26,65,27,41,47,35,28,14,31,94,55,29,74,47,59,25,33,39,88,37,72,28,51,59,88,166,104,94,45,39,36,56,36,51,69,23,41,22,28
26,33,35,4,39,35,42,59,16,25,21,40,25,33,9,31,68,47,60,64,53,12,44,14,26,37,52,27,46,84,43,44,37,52,34,27,47,29,15,50,41,52,68,45,53,48,32,36,21,60,27,31,31,29,23,35,34,27,33,28,23,17,38,23,29,21,24,37,29,38,31,31,40,31,33,27,29,46,24,41,43,38,26,37,37,49,39,24,25,35,39,36,30,42,34,23,25,31,24,37,70,26,46,34,23,50,25,383,385,62,17,24,64,27,41,46,34,28,13,31,90,54,29,73,47,57,25,33,38,83,36,70,29,49,57,83,161,98,90,41,38,35,52,37,47,68,23,41,22,28
57,84,86,13,76,80,75,161,41,77,61,95,79,66,29,98,168,85,158,168,117,33,110,33,51,82,171,70,116,195,96,115,72,170,108,51,119,61,73,166,105,126,186,109,131,83,74,81,30,127,103,83,103,56,51,99,104,62,104,48,99,69,102,39,99,84,58,91,79,100,92,103,105,75,126,62,108,81,68,95,87,115,106,98,83,88,119,75,61,93,109,104,69,123,64,61,69,111,59,103,207,72,138,65,65,106,75,63,62,1136,57,74,248,63,66,138,104,64,29,84,241,123,64,220,86,187,53,61,69,255,69,174,92,93,109,258,495,282,242,116,68,64,133,64,115,172,50,86,71,71
20,24,18,5,20,17,21,41,11,19,8,25,21,18,13,31,58,26,57,60,22,14,40,20,21,19,32,28,36,54,21,21,23,32,25,22,30,15,19,30,22,34,51,35,35,22,28,26,23,43,34,36,39,17,19,32,29,21,29,11,22,18,29,11,31,24,18,30,34,20,25,36,34,27,27,29,37,32,27,39,28,25,32,30,39,27,24,17,12,35,32,37,23,24,24,20,20,34,17,28,61,11,53,18,19,29,23,18,17,57,310,310,50,22,19,53,48,24,13,28,74,35,19,52,17,52,7,21,19,68,18,42,25,33,37,68,146,70,74,33,19,13,40,15,32,41,24,22,17,26
24,31,24,6,30,23,32,53,14,24,12,32,25,28,17,40,70,32,67,72,34,18,53,24,30,24,41,32,47,71,29,28,24,41,38,30,39,19,23,39,29,42,73,44,43,30,38,28,28,57,45,41,49,22,24,39,38,26,38,16,27,23,38,13,35,34,22,38,40,24,31,46,45,35,33,32,41,41,31,42,34,35,42,36,42,34,37,20,17,42,47,47,26,37,31,26,21,35,22,36,77,15,66,23,24,38,26,26,24,74,310,394,66,26,26,66,59,28,15,32,88,45,25,73,21,68,12,30,23,87,22,52,27,35,43,87,185,95,88,37,23,18,50,17,40,51,31,30,23,34
67,98,79,21,74,78,71,157,40,65,54,108,70,64,27,95,176,85,148,156,93,31,85,34,54,78,141,74,110,160,82,96,89,144,93,55,102,54,72,139,90,106,186,101,112,105,78,99,27,146,89,93,89,50,60,113,97,68,98,49,90,56,82,43,79,78,52,78,82,96,97,88,117,77,102,63,97,89,73,92,87,96,93,82,92,100,91,65,64,89,93,96,66,96,72,60,65,81,68,102,179,55,140,54,69,91,61,65,64,248,50,66,1085,67,81,140,109,69,51,82,190,138,70,205,81,176,56,66,66,261,64,155,68,88,109,262,489,293,193,89,62,57,140,52,130,155,56,78,66,79
20,30,23,9,22,23,22,74,19,28,16,24,33,18,13,22,68,30,56,60,34,16,41,16,21,32,63,22,52,72,36,47,31,64,38,21,41,30,25,60,42,41,69,29,41,35,26,34,13,56,36,43,36,17,24,46,22,34,22,21,42,32,40,18,36,26,26,35,37,40,45,35,38,24,39,24,38,44,22,34,28,45,39,32,37,35,35,29,24,38,33,41,26,39,28,24,23,35,15,40,70,24,64,23,18,42,22,27,27,63,22,26,67,367,20,64,46,365,7,35,78,56,24,79,26,86,21,24,23,80,23,53,30,30,37,81,179,91,78,45,23,27,33,26,30,56,26,22,32,27
20,42,31,6,26,30,25,73,17,33,21,35,32,19,15,39,71,48,58,63,52,20,51,13,17,42,66,30,48,82,55,59,41,66,53,19,62,45,24,65,54,66,73,47,67,55,33,57,9,59,31,39,31,22,21,45,40,26,40,24,30,30,42,19,32,24,26,35,44,32,34,31,36,28,32,28,47,40,30,43,51,43,30,38,44,36,46,29,41,45,54,37,27,39,36,25,26,41,26,29,73,36,66,38,31,50,16,41,41,66,19,26,81,20,410,66,50,22,11,38,90,57,31,75,40,85,36,38,38,112,38,68,36,30,38,114,192,116,91,41,38,36,64,34,55,66,34,43,28,43
39,66,63,12,55,62,56,116,43,68,39,56,72,49,29,62,145,70,129,139,92,33,77,36,42,70,127,73,87,145,71,89,57,128,82,42,93,55,56,124,85,103,151,82,109,86,68,81,35,121,60,78,82,43,42,80,81,66,81,44,79,57,70,34,74,50,41,72,86,73,88,80,77,64,78,63,86,80,68,81,92,67,72,85,86,82,68,64,65,85,111,71,59,73,54,50,61,81,68,74,154,62,896,53,55,73,57,47,46,138,53,66,140,64,66,900,649,68,26,56,212,133,62,174,57,185,45,52,66,225,65,122,69,77,100,230,448,245,211,95,67,49,140,56,124,123,57,59,64,72
28,49,48,8,37,47,37,84,38,56,31,40,58,33,22,54,116,51,88,95,68,25,56,30,28,54,98,57,66,117,58,74,43,98,61,28,76,42,39,95,68,84,109,67,88,63,52,62,23,97,40,60,61,35,29,63,53,46,53,34,64,39,53,22,57,34,34,62,65,56,67,59,58,46,60,44,69,65,51,57,73,56,61,69,62,61,54,45,49,62,86,52,41,58,40,42,46,70,49,61,118,47,649,41,43,55,43,35,34,104,48,59,109,46,50,649,649,49,22,46,154,98,49,126,43,150,32,38,45,173,44,89,54,60,78,177,337,189,153,71,45,36,108,42,94,90,40,45,47,56
20,30,24,11,25,23,25,78,20,32,16,25,34,20,15,24,76,32,61,65,35,18,43,18,23,33,66,23,52,77,37,48,32,67,40,23,42,31,31,63,43,42,71,34,43,36,26,33,13,63,37,45,40,19,25,47,27,35,27,22,44,32,40,18,38,27,30,36,38,43,48,39,42,26,45,25,45,47,27,37,33,47,41,38,40,36,37,34,28,40,34,44,27,41,30,26,28,37,17,42,74,23,68,24,18,46,23,28,28,64,24,28,69,365,22,68,49,407,7,34,88,60,26,84,26,92,23,25,26,89,26,54,32,35,42,90,194,100,89,48,26,27,37,29,34,57,28,23,38,29
11,15,14,4,16,13,15,23,14,19,5,15,17,13,9,16,31,17,31,31,14,11,12,14,8,12,31,10,15,29,20,19,13,32,17,9,21,9,13,31,19,23,29,23,23,24,15,21,6,25,18,25,17,12,14,14,18,6,18,12,14,7,15,7,17,14,11,27,14,12,23,17,15,17,22,9,20,17,19,14,16,22,26,17,13,20,19,20,9,23,22,15,8,18,13,13,14,24,14,20,42,12,26,8,9,27,10,14,13,29,13,15,51,7,11,26,22,7,180,14,39,19,14,42,15,35,10,14,5,50,5,30,12,15,16,50,82,53,39,20,5,16,32,8,30,29,18,14,18,11
24,53,40,9,38,39,40,65,21,46,31,55,49,35,13,49,83,40,91,96,49,16,68,17,28,41,82,53,51,90,50,63,52,82,56,29,63,36,24,81,58,72,73,47,77,57,39,50,20,61,36,38,34,26,26,32,40,29,40,20,37,32,56,21,34,25,32,35,31,27,36,34,34,36,52,29,43,47,39,44,40,49,39,36,42,41,50,33,25,33,47,43,25,52,27,26,30,33,26,42,93,31,56,28,38,49,28,31,31,84,28,32,82,35,38,56,46,34,14,458,105,70,30,458,32,84,38,44,34,121,32,101,42,43,53,124,234,136,108,49,33,41,69,37,62,100,19,52,36,30
68,95,96,16,94,93,92,169,54,90,60,98,103,75,49,98,198,83,199,209,138,51,110,56,65,87,161,83,133,220,112,141,75,165,95,66,150,70,75,155,126,158,199,117,170,89,76,113,45,153,113,131,114,75,65,119,120,85,119,44,116,77,122,44,99,93,81,105,121,119,97,114,113,86,112,74,100,115,70,120,114,114,127,109,107,106,114,70,72,103,128,121,87,108,82,82,58,115,52,108,236,71,211,82,70,110,86,94,90,241,74,88,190,78,90,212,154,88,39,105,1418,191,99,263,84,239,60,73,93,347,88,207,99,115,146,352,723,373,1416,562,88,72,210,70,184,205,84,102,108,84
55,71,67,16,54,64,54,122,23,53,43,79,53,48,28,62,121,73,131,140,82,32,73,31,39,64,108,46,80,143,89,110,67,108,63,38,114,54,51,106,98,119,134,79,127,86,53,77,30,96,80,72,61,44,41,66,75,55,75,46,76,47,70,30,65,58,48,70,63,72,49,62,77,64,87,55,74,77,61,81,69,81,64,64,72,78,68,49,56,68,73,79,63,69,49,44,48,68,43,69,129,53,132,48,51,74,55,55,54,123,35,45,138,56,57,133,98,60,19,70,191,918,45,177,55,164,42,56,58,236,57,146,63,62,76,240,460,257,193,78,56,40,131,38,120,149,56,85,67,48
31,35,42,7,31,41,30,67,16,35,23,36,28,27,15,33,74,37,62,64,35,21,50,18,14,25,62,27,47,64,47,47,38,63,38,14,51,26,24,61,44,53,70,44,54,34,37,26,12,52,40,34,29,30,15,38,26,27,26,20,44,25,28,14,30,31,20,40,38,36,37,29,26,27,50,34,45,38,22,43,39,39,32,27,44,40,32,16,23,32,33,40,38,32,22,24,15,50,25,32,71,28,62,28,29,36,22,29,29,64,19,25,70,24,31,62,49,26,14,30,99,45,394,80,32,62,31,21,22,93,22,61,26,30,41,96,181,110,99,38,22,26,49,25,43,59,29,28,31,29
53,115,88,20,96,84,101,168,48,95,63,124,98,87,32,111,196,93,182,193,103,38,121,37,58,102,197,100,121,216,116,149,107,199,120,58,145,83,58,192,135,160,178,118,166,140,81,115,36,152,93,98,87,61,62,112,107,71,107,57,91,67,115,46,95,72,65,84,89,96,101,87,90,86,101,66,108,107,83,91,105,116,101,105,86,96,106,72,62,96,106,105,70,110,71,65,56,84,68,98,215,73,173,77,85,117,71,74,73,220,52,73,205,79,75,174,126,84,42,458,263,177,80,1337,75,181,79,94,81,310,77,239,90,104,131,314,637,344,268,108,76,81,173,71,152,232,72,102,95,82
28,50,43,6,37,41,38,69,18,27,34,46,37,30,12,45,72,46,60,66,59,15,61,8,25,30,55,32,55,86,42,46,42,56,47,25,47,29,26,53,42,50,81,51,51,39,38,45,15,60,37,36,46,21,22,43,34,23,34,36,40,28,28,24,44,32,32,40,29,40,41,47,38,33,37,28,37,42,24,41,36,43,37,34,38,36,42,17,30,35,53,29,25,48,35,21,25,37,28,44,76,29,57,46,25,63,15,47,47,86,17,21,81,26,40,57,43,26,15,32,84,55,32,75,373,74,42,37,33,98,33,82,19,23,28,99,166,108,85,35,35,30,53,34,43,81,34,39,30,29
48,96,85,17,69,81,75,164,51,80,56,86,81,62,28,99,160,100,155,168,96,32,100,42,41,77,143,65,105,188,93,115,92,144,91,44,122,64,64,139,102,132,172,92,139,73,67,90,34,136,88,103,85,65,56,97,88,63,88,60,94,61,86,34,103,75,60,81,93,112,96,83,88,85,99,75,106,100,69,118,99,100,98,101,105,101,101,67,56,103,91,99,71,99,68,52,46,106,76,102,184,67,185,61,57,105,67,59,57,187,52,68,176,86,85,185,150,92,35,84,239,164,62,181,74,1181,54,72,82,242,79,154,91,90,106,243,510,275,240,103,81,64,135,60,117,150,73,80,62,60
15,38,42,6,21,40,20,58,13,28,26,37,34,15,10,32,57,38,41,42,45,10,43,6,26,30,62,33,43,77,36,42,39,63,38,27,44,24,21,58,41,45,66,49,46,40,31,29,11,48,37,28,35,22,23,40,31,20,31,28,38,29,27,14,31,30,9,30,30,26,36,35,37,19,40,25,45,29,19,37,37,38,32,31,41,30,38,19,35,23,35,28,30,35,23,18,23,37,16,34,68,32,45,31,22,50,11,25,25,53,7,12,56,21,36,45,32,23,10,38,60,42,31,79,42,54,318,32,26,66,25,59,23,32,41,66,117,70,61,28,26,43,34,29,29,60,13,27,26,25
33,47,33,11,33,32,34,67,20,36,22,40,41,30,7,38,63,57,56,62,42,12,41,10,19,34,56,41,59,67,47,55,40,57,38,20,49,27,16,55,47,51,66,51,54,39,32,34,19,47,31,41,45,16,25,39,33,25,33,22,39,25,40,12,37,22,20,46,31,26,38,45,51,32,43,31,40,42,25,46,47,39,37,39,44,47,36,25,28,32,43,43,35,36,26,16,26,24,31,26,74,35,52,31,31,51,20,33,33,61,21,30,66,24,38,52,38,25,14,44,73,56,21,94,37,72,32,393,39,102,39,63,27,34,41,102,186,105,75,35,39,39,61,40,52,64,25,26,26,33
28,44,46,9,20,46,21,59,21,32,30,43,38,15,17,42,76,33,70,78,43,21,41,15,25,30,51,42,34,56,49,56,38,52,35,26,57,34,31,50,53,60,78,43,63,47,28,49,14,65,28,42,34,29,20,42,39,27,39,25,30,24,36,23,44,22,26,32,31,31,34,34,53,35,34,26,34,49,19,40,41,44,46,43,41,44,45,28,32,49,60,39,26,41,22,26,18,47,19,39,81,36,66,31,21,45,23,39,38,69,19,23,66,23,38,66,45,26,5,34,93,58,22,81,33,82,26,39,433,95,415,66,30,28,34,95,193,99,93,42,414,35,49,37,44,66,33,30,27,28
83,122,101,26,81,99,82,248,61,97,65,121,102,68,54,135,268,116,213,228,118,58,117,50,69,121,221,87,144,278,148,179,117,223,113,75,188,89,101,213,164,202,257,125,215,139,106,138,36,173,130,123,119,72,63,130,122,95,122,75,123,86,115,54,141,97,67,122,133,118,125,119,112,94,135,86,119,125,84,114,121,139,126,117,124,143,120,74,96,124,156,123,80,120,85,85,71,135,85,122,260,100,225,92,93,117,97,88,83,255,68,87,261,80,112,225,173,89,50,121,347,236,93,310,98,242,66,102,95,1840,93,249,115,129,167,1838,1835,1783,350,141,94,92,877,79,767,247,114,114,127,74
26,41,46,9,19,46,20,57,21,31,30,42,37,14,17,41,73,32,66,73,42,21,41,15,24,30,49,42,34,52,48,55,37,50,34,25,56,33,30,48,52,59,77,43,61,47,28,48,13,62,27,43,34,27,19,42,38,25,38,24,30,23,36,21,42,21,25,32,31,30,32,34,50,34,32,23,34,48,19,39,41,44,43,44,39,42,46,25,30,49,59,40,25,42,20,25,18,47,19,38,79,36,65,31,21,43,23,37,36,69,18,22,64,23,38,65,44,26,5,32,88,57,22,77,33,79,25,39,415,93,416,64,30,27,33,93,190,97,88,37,396,34,47,36,42,64,32,29,27,27
52,84,82,16,84,77,84,149,36,70,59,88,75,75,30,75,149,81,132,148,86,32,88,27,43,75,137,68,103,152,90,109,114,139,100,47,117,61,55,136,100,123,150,92,130,84,72,83,35,122,82,84,82,49,40,71,92,47,93,48,89,50,75,38,70,63,51,82,76,76,68,81,72,77,89,44,73,81,53,76,77,74,72,72,71,72,84,46,65,82,94,79,62,83,54,42,40,75,54,76,170,59,122,72,66,97,72,72,70,174,42,52,155,53,68,122,89,54,30,101,207,146,61,239,82,154,59,63,66,249,64,1013,79,80,99,252,486,290,212,93,66,55,139,54,126,980,57,75,64,62
18,33,28,2,37,28,37,64,20,32,17,37,40,33,11,41,62,32,62,64,48,13,38,13,23,37,73,36,51,73,38,49,28,74,40,23,46,23,27,71,43,53,83,44,57,30,22,40,14,66,33,34,31,25,18,35,36,26,35,19,40,28,37,13,39,27,27,44,43,47,30,31,30,35,44,34,44,41,31,44,50,44,40,44,45,43,39,29,19,36,38,46,29,41,31,19,22,40,26,41,77,23,69,21,27,37,68,28,29,92,25,27,68,30,36,69,54,32,12,42,99,63,26,90,19,91,23,27,30,115,30,79,462,48,56,117,233,119,100,40,30,25,64,23,61,80,23,37,47,29
26,34,34,6,24,33,24,80,25,38,25,34,35,21,17,42,77,31,75,84,43,19,32,14,15,35,51,41,45,89,33,46,31,50,30,17,41,25,28,48,39,44,74,43,48,33,43,37,21,68,36,47,45,31,34,50,48,26,48,18,44,29,47,11,57,31,28,33,49,53,48,45,47,25,50,38,49,49,26,53,46,43,41,43,53,47,42,34,35,46,44,43,32,47,35,28,26,45,25,43,100,24,77,26,37,41,37,51,49,93,33,35,88,30,30,77,60,35,15,43,115,62,30,104,23,90,32,34,28,129,27,80,48,566,566,130,233,136,116,57,27,19,67,32,60,83,38,39,34,31
34,40,46,9,34,45,34,101,30,45,37,44,44,31,21,52,96,42,94,106,54,23,41,15,25,41,68,46,55,109,39,55,38,67,35,27,50,33,36,65,46,54,105,52,59,47,56,44,28,80,49,59,55,38,44,60,55,30,55,25,53,33,59,17,68,43,30,47,58,57,60,55,58,34,61,43,60,54,30,59,57,54,56,56,60,61,55,41,40,51,58,51,36,61,44,32,29,55,30,53,120,31,100,29,45,50,46,59,57,109,37,43,109,37,38,100,78,42,16,53,146,76,41,131,28,106,41,41,34,167,33,99,56,566,703,168,300,178,148,68,34,24,87,39,80,102,44,46,47,35
85,123,100,26,82,98,83,251,61,97,65,121,104,69,54,135,269,117,214,229,121,58,118,50,69,122,225,87,145,281,148,180,118,227,113,75,188,89,103,216,164,202,259,126,216,142,106,138,36,176,130,124,120,72,63,131,123,95,123,75,124,86,115,55,142,97,68,123,135,118,125,120,113,96,137,87,120,127,85,115,121,142,129,119,125,143,122,74,96,124,156,123,81,122,87,86,71,138,86,124,263,102,230,93,96,117,99,88,83,258,68,87,262,81,114,230,177,90,50,124,352,240,96,314,99,243,66,102,95,1838,93,252,117,130,168,1866,1861,1783,355,141,94,94,901,79,791,251,116,114,129,75
140,239,217,41,154,207,156,443,114,188,133,235,195,128,98,238,486,220,419,453,260,106,228,117,128,212,416,187,266,505,280,350,205,419,225,133,368,163,183,400,312,400,482,249,429,246,201,254,97,331,259,246,227,151,130,250,253,180,255,126,246,171,243,100,247,202,160,224,273,230,231,228,230,205,264,186,229,251,177,254,259,257,244,237,263,272,237,152,164,247,283,266,169,237,172,151,145,260,151,255,521,163,448,172,182,229,182,166,161,495,146,185,489,179,192,448,337,194,82,234,723,460,181,637,166,510,117,186,193,1835,190,486,233,233,300,1861,6993,1911,729,271,189,166,901,142,792,478,202,198,222,140
92,133,109,28,101,104,99,274,66,108,73,135,112,85,57,143,284,136,238,255,130,60,139,54,82,131,243,95,157,319,162,195,128,245,121,88,204,99,104,235,179,220,266,150,233,148,115,156,42,190,131,128,131,84,69,146,134,103,134,85,136,93,133,59,150,99,82,143,143,128,130,131,130,104,145,92,125,139,88,131,137,156,131,132,133,156,131,76,103,137,174,141,93,127,92,94,75,137,97,138,285,110,245,104,108,128,103,104,98,282,70,95,293,91,116,245,189,100,53,136,373,257,110,344,108,275,70,105,99,1783,97,290,119,136,178,1783,1911,2038,376,157,98,101,831,84,722,288,126,123,136,81
70,95,96,16,96,93,94,171,55,91,60,98,104,77,49,98,201,83,200,210,139,51,111,56,66,87,161,82,134,223,114,144,76,165,96,67,153,70,76,155,129,161,200,117,173,92,76,115,45,154,113,131,113,75,65,120,120,85,119,45,116,78,122,44,100,93,81,105,121,119,98,113,114,86,113,74,102,116,74,120,114,114,127,110,107,108,115,73,74,103,129,121,87,109,84,83,61,115,54,108,235,72,210,82,71,111,87,94,90,242,74,88,193,78,91,211,153,89,39,108,1416,193,99,268,85,240,61,75,93,350,88,212,100,116,148,355,729,376,1430,562,88,72,213,71,188,210,84,103,109,85
40,33,38,6,45,37,44,77,27,42,25,42,56,39,25,45,91,46,110,115,59,25,41,20,33,46,76,33,76,104,38,45,41,79,50,34,53,33,32,75,44,55,87,42,56,36,36,44,25,68,52,65,69,39,33,65,53,36,52,23,60,32,64,23,53,45,36,46,54,61,55,68,67,43,60,34,60,67,35,60,66,59,64,59,51,57,54,36,36,45,49,61,54,54,43,41,33,63,24,50,123,33,95,32,37,55,46,45,41,116,33,37,89,45,41,95,71,48,20,49,562,78,38,108,35,103,28,35,42,141,37,93,40,57,68,141,271,157,562,591,37,37,82,37,75,94,34,49,47,29
27,44,44,9,20,44,21,60,20,31,28,43,37,15,18,38,74,33,69,77,42,22,40,15,24,30,51,43,34,56,49,55,38,52,35,25,55,35,31,50,52,60,79,41,63,46,28,47,13,65,28,41,34,29,19,42,37,27,37,25,29,24,35,23,43,22,26,31,29,31,32,34,51,34,32,25,34,49,19,39,40,41,44,42,40,44,44,28,31,50,58,39,26,40,22,26,18,47,19,36,75,36,67,32,20,45,23,39,38,68,19,23,62,23,38,67,45,26,5,33,88,56,22,76,35,81,26,39,414,94,396,66,30,27,34,94,189,98,88,37,420,36,50,36,45,65,33,30,26,28
20,48,42,5,29,42,30,61,11,28,31,43,28,24,12,50,63,44,55,59,42,15,50,8,25,26,54,37,39,83,33,41,29,60,51,26,44,22,19,51,38,47,75,40,50,48,35,43,12,47,34,36,35,26,22,38,35,20,35,27,34,28,40,22,33,22,20,29,31,26,34,35,48,26,39,23,39,38,18,34,36,27,36,31,37,41,51,23,24,27,43,40,23,47,25,18,22,33,22,47,82,28,49,32,26,42,22,36,35,64,13,18,57,27,36,49,36,27,16,41,72,40,26,81,30,64,43,39,35,92,34,55,25,19,24,94,166,101,72,37,36,354,44,30,40,56,19,33,21,29
43,65,60,7,53,58,54,131,38,57,38,61,61,43,24,73,153,68,109,115,77,29,70,34,41,64,128,55,85,151,87,105,61,129,65,43,111,56,49,123,97,119,159,77,127,86,47,70,21,86,71,73,71,32,33,70,85,52,85,42,72,43,63,28,79,57,38,71,86,69,68,71,55,53,80,54,73,77,45,67,64,73,66,72,76,72,75,41,56,74,86,66,46,77,55,39,41,86,47,68,143,63,140,63,50,63,53,56,52,133,40,50,140,33,64,140,108,37,32,69,210,131,49,173,53,135,34,61,49,877,47,139,64,67,87,901,901,831,213,82,50,44,904,41,794,138,71,61,67,53
21,30,40,7,32,40,28,46,15,24,29,38,32,23,12,34,67,41,57,62,41,15,43,14,25,28,62,25,44,61,39,43,36,62,31,25,44,30,22,56,42,50,60,42,51,24,26,29,9,48,25,24,33,23,23,28,36,12,36,25,31,19,26,13,39,17,16,28,21,33,34,34,28,25,24,28,43,22,20,33,37,43,31,27,32,28,34,21,15,30,40,31,18,35,23,20,14,34,16,37,75,22,56,26,19,57,12,36,37,64,15,17,52,26,34,56,42,29,8,37,70,38,25,71,34,60,29,40,37,79,36,54,23,32,39,79,142,84,71,37,36,30,41,332,37,53,22,34,21,27
40,58,51,6,45,49,47,123,34,49,32,52,54,39,22,59,130,61,95,101,67,25,63,34,34,56,113,48,71,138,78,90,57,114,50,36,95,49,43,108,84,104,139,62,112,78,36,60,19,74,60,60,59,25,26,61,73,47,73,38,63,34,52,24,69,47,32,64,80,59,60,59,49,47,72,46,65,63,40,58,54,63,62,59,66,63,61,38,51,60,78,57,36,61,52,32,36,74,44,53,125,52,124,55,43,55,49,51,47,115,32,40,130,30,55,124,94,34,30,62,184,120,43,152,43,117,29,52,44,767,42,126,61,60,80,791,792,722,188,75,45,40,794,37,794,125,64,51,59,47
51,85,84,16,83,79,83,148,38,71,61,86,75,74,27,76,143,76,130,146,85,29,86,26,42,72,135,68,98,150,89,105,112,137,102,45,113,59,54,134,96,120,149,91,127,85,71,84,34,123,82,82,83,52,40,69,89,46,90,46,87,52,75,38,70,62,51,81,76,74,67,82,68,73,89,46,73,82,53,79,80,73,71,71,73,69,86,46,65,83,94,82,61,85,54,43,41,72,54,73,167,58,123,66,64,100,71,69,68,172,41,51,155,56,66,123,90,57,29,100,205,149,59,232,81,150,60,64,66,247,64,980,80,83,102,251,478,288,210,94,65,56,138,53,125,1011,59,76,65,61
24,35,32,6,28,32,29,58,9,20,23,34,24,19,18,29,65,43,69,73,30,22,34,16,20,38,51,23,40,56,51,56,23,52,28,20,66,23,30,50,54,64,54,32,65,34,20,22,17,46,30,28,37,22,19,35,28,16,28,27,32,20,40,11,30,24,14,34,37,35,40,37,38,28,43,28,37,40,14,34,35,41,38,37,35,35,35,20,25,38,43,45,28,36,19,18,11,34,20,29,71,14,56,23,20,30,24,23,23,50,24,31,56,26,34,57,40,28,18,19,84,56,29,72,34,73,13,25,33,114,32,57,23,38,44,116,202,126,84,34,33,19,71,22,64,59,420,26,27,19
25,41,43,9,36,42,38,79,17,39,28,49,38,30,10,54,62,46,79,83,55,13,49,10,22,43,73,44,55,101,50,55,45,73,48,21,63,41,21,70,54,68,82,47,69,47,34,57,14,61,41,34,39,26,12,34,44,36,44,25,37,27,32,15,39,31,30,30,47,43,29,39,39,35,41,27,43,34,23,43,43,34,52,33,41,42,38,22,35,36,51,35,34,37,33,22,17,26,31,34,68,30,59,40,30,53,23,41,41,86,22,30,78,22,43,59,45,23,14,52,102,85,28,102,39,80,27,26,30,114,29,75,37,39,46,114,198,123,103,49,30,33,61,34,51,76,26,428,32,42
28,46,36,7,32,34,35,62,14,28,27,44,29,28,9,37,76,34,61,62,46,14,23,9,16,21,55,25,45,73,40,47,28,55,34,16,45,22,26,54,42,51,54,36,53,34,19,37,21,54,31,45,45,21,24,36,39,23,39,20,34,23,32,9,25,25,24,32,39,34,36,46,31,30,47,34,36,44,27,41,19,33,30,32,46,32,37,30,19,34,44,38,31,37,23,23,25,31,27,30,69,22,64,21,18,35,28,22,22,71,17,23,66,32,28,64,47,38,18,36,108,67,31,95,30,62,26,26,27,127,27,64,47,34,47,129,222,136,109,47,26,21,67,21,59,65,27,32,438,29
13,34,40,6,27,40,26,54,15,34,24,34,31,24,14,40,62,41,53,53,45,17,36,19,21,34,69,34,33,67,38,51,47,69,38,21,45,35,19,66,44,49,74,50,49,57,29,41,15,52,35,32,37,17,20,46,37,29,37,35,41,14,29,12,42,29,23,30,27,31,30,37,35,29,27,20,41,39,17,36,38,37,27,31,35,30,32,17,33,36,46,39,32,33,31,23,12,45,27,35,64,21,72,24,22,47,21,28,28,71,26,34,79,27,43,72,56,29,11,30,84,48,29,82,29,60,25,33,28,74,27,62,29,31,35,75,140,81,85,29,28,29,53,27,47,61,19,42,29,395
