346,37,34,6,36,34,39,57,10,18,27,41,26,33,11,36,63,38,47,53,40,12,32,15,14,25,60,23,50,64,42,49,44,60,40,16,48,29,30,59,45,54,69,44,55,26,14,39,18,62,24,32,32,16,25,31,38,25,38,19,29,20,39,14,30,21,16,21,35,38,28,30,41,23,33,20,32,36,33,27,41,37,40,28,27,32,27,24,17,26,33,27,18,25,18,23,24,40,21,33,67,16,47,25,23,43,19,28,28,67,20,25,81,23,25,47,32,23,14,25,92,74,33,67,32,57,16,43,31,119,29,58,21,27,36,122,343,127,94,47,30,23,50,22,46,57,24,27,30,14
37,554,70,12,36,69,37,99,17,36,46,336,33,32,8,97,109,86,89,102,57,9,64,19,47,42,131,49,72,119,64,81,70,131,74,46,78,29,34,122,73,80,110,82,83,72,64,77,23,106,62,50,56,26,43,67,60,34,60,36,56,39,44,29,57,47,38,50,58,57,55,56,49,36,57,37,55,56,39,46,67,62,37,53,50,58,53,47,41,54,62,54,35,59,36,27,32,56,35,63,140,50,78,50,37,86,21,38,38,111,26,34,124,36,51,78,57,36,17,69,121,86,41,165,61,121,44,54,52,195,47,120,40,41,52,196,805,211,122,36,53,60,83,33,73,121,38,49,51,37
34,70,547,3,45,527,44,84,21,39,335,76,51,36,11,70,106,61,103,106,92,14,66,21,40,44,123,49,70,97,71,87,79,123,66,40,92,42,31,117,78,102,121,83,107,71,54,67,22,94,59,53,59,33,26,56,62,46,62,50,56,40,52,21,60,48,43,64,54,59,59,58,40,37,59,48,62,65,47,60,56,67,52,69,58,47,68,48,28,57,58,69,47,73,35,35,34,70,43,62,116,46,73,54,38,73,22,36,36,107,19,27,104,23,37,73,54,25,14,51,124,90,46,121,49,103,52,41,55,165,54,109,34,36,51,162,707,178,125,42,52,49,72,44,61,111,35,49,41,45
6,12,3,91,9,3,9,14,3,7,2,13,6,6,3,9,18,8,24,24,9,3,12,2,7,4,10,4,13,14,9,11,9,10,12,7,10,5,4,8,10,11,23,8,11,7,8,20,3,13,7,5,9,6,3,7,15,12,15,4,5,7,10,1,9,7,4,3,8,15,9,9,7,11,11,12,5,13,11,11,11,8,10,8,15,8,9,13,13,13,6,8,7,11,5,6,10,4,4,9,18,3,15,4,7,13,3,4,4,14,5,6,29,11,7,15,10,14,4,10,20,20,7,27,6,20,6,13,11,34,11,19,2,6,10,34,92,40,20,6,12,5,9,7,8,19,7,9,9,6
36,36,45,9,426,44,399,78,20,37,25,51,38,353,7,38,88,49,62,65,51,14,60,24,30,47,91,39,80,78,40,50,50,92,46,31,44,48,23,89,42,48,90,66,50,60,38,45,10,65,57,41,54,15,15,49,60,18,60,33,41,23,48,14,46,46,20,38,46,50,47,55,32,34,44,30,52,44,15,41,62,38,32,52,43,39,32,22,17,40,47,33,32,33,28,19,15,44,26,52,99,20,67,35,29,60,31,44,44,92,24,35,94,24,29,67,45,27,19,45,129,65,35,123,44,85,24,40,25,112,24,99,42,29,43,113,473,144,132,51,25,34,68,40,59,98,30,43,37,28
34,69,527,3,44,527,43,80,21,39,335,75,49,35,11,67,104,59,97,100,91,14,66,21,40,42,118,49,70,93,68,84,77,118,64,40,89,41,31,112,75,99,121,79,103,68,52,64,22,89,57,51,58,30,24,55,61,46,61,50,56,36,52,21,57,46,42,61,51,59,57,57,40,35,58,47,61,63,46,60,56,67,49,68,57,47,68,48,28,56,57,69,47,73,35,35,33,68,43,60,113,44,72,54,33,72,22,36,36,100,18,26,102,23,36,72,53,24,13,50,121,86,45,117,47,99,50,40,55,162,54,102,34,35,50,159,676,169,122,41,52,49,70,44,59,104,35,48,39,45
39,37,44,9,399,43,425,77,16,34,25,51,34,353,10,37,90,50,63,65,51,17,56,27,28,42,92,37,82,82,39,49,49,93,48,29,43,46,25,90,41,48,88,65,50,59,36,43,9,61,56,40,54,15,12,48,63,22,63,34,39,21,45,16,48,45,20,37,50,48,50,55,33,34,42,33,46,46,12,46,62,44,29,50,45,40,34,20,17,40,46,31,35,35,25,19,15,40,25,50,101,19,68,38,29,57,31,49,48,91,26,39,91,24,28,68,45,27,18,47,128,65,34,129,44,92,23,41,27,113,26,100,42,28,42,114,480,142,131,50,27,35,69,36,61,99,31,45,39,27
57,99,84,14,78,80,77,1080,42,73,57,98,85,64,26,95,150,97,151,163,111,30,92,39,45,89,178,85,101,185,109,132,82,178,101,47,133,76,60,175,120,150,165,109,160,109,68,106,37,134,88,102,78,67,63,110,91,71,90,54,115,62,99,34,113,71,44,103,102,94,75,77,100,74,93,59,108,97,55,85,117,99,71,117,79,109,98,59,78,97,122,115,72,99,60,57,54,80,68,92,180,63,144,82,64,101,66,70,69,209,45,59,190,83,95,146,108,88,27,83,235,148,80,230,90,218,74,82,73,393,70,193,71,90,115,397,1411,434,238,95,75,76,156,54,144,193,65,89,67,62
10,17,21,3,20,21,16,42,242,247,17,26,249,16,5,21,37,16,36,38,19,6,24,10,9,29,47,18,31,44,30,34,22,47,31,9,35,7,12,47,33,38,45,33,40,18,19,30,12,33,24,20,29,11,21,19,21,15,21,17,20,11,18,9,27,21,18,26,23,28,22,28,24,24,25,14,29,25,15,21,29,34,21,23,23,33,23,11,16,28,23,29,13,24,25,12,14,30,19,30,71,21,54,18,12,33,15,17,17,52,11,16,49,20,18,54,45,21,15,23,65,24,16,61,20,62,14,20,25,76,24,40,21,26,34,76,278,83,66,28,24,12,44,16,39,42,11,17,14,16
18,36,39,7,37,39,34,73,247,435,29,43,321,32,11,43,58,36,65,70,43,13,43,14,19,52,77,31,49,75,50,56,38,78,51,19,59,33,26,76,54,64,70,62,65,38,27,46,14,66,44,41,45,23,29,29,38,23,38,26,37,17,35,14,43,37,30,47,48,42,38,44,40,41,49,30,50,61,24,44,43,52,37,44,47,61,34,16,23,46,34,52,29,35,35,23,19,53,32,42,99,29,85,30,26,55,20,26,26,96,19,26,79,30,34,85,67,34,20,50,115,62,35,117,29,93,30,38,36,140,34,82,33,41,51,139,469,153,117,46,35,30,68,25,58,83,22,44,29,37
27,46,335,2,25,335,25,57,17,29,316,52,31,19,8,45,69,49,60,63,62,10,42,10,18,31,78,33,50,66,41,54,53,78,41,18,56,23,21,77,47,64,70,51,65,42,35,38,14,56,37,29,41,22,20,34,43,27,43,40,36,25,34,11,38,31,27,39,33,35,36,40,27,23,36,29,38,41,34,35,36,47,32,43,36,28,44,30,23,36,42,48,28,48,25,21,23,44,31,39,71,32,47,34,17,51,11,21,21,72,8,13,70,16,23,47,35,16,5,37,76,51,26,90,38,68,32,25,33,98,32,71,20,26,41,96,336,107,76,27,31,35,47,31,39,73,25,31,28,26
41,336,76,13,51,75,51,98,26,43,52,573,48,46,16,101,104,90,113,128,61,18,63,11,55,39,134,43,74,119,84,105,75,134,67,54,102,36,39,130,97,106,114,89,113,102,61,82,25,105,69,46,57,22,34,57,59,42,59,46,51,43,53,23,49,53,28,50,42,51,46,56,40,39,57,35,52,63,47,43,59,61,52,57,52,60,55,39,37,57,73,50,35,66,40,25,34,58,29,60,138,58,66,51,37,74,24,46,45,124,30,37,139,29,41,66,44,30,17,68,128,103,43,176,55,113,46,49,52,181,50,112,42,41,55,181,672,212,129,48,53,51,71,41,61,110,37,60,49,40
26,33,51,6,38,49,34,85,249,321,31,48,463,32,10,48,70,38,69,74,55,13,51,13,24,53,88,41,54,83,49,58,38,88,53,24,63,28,25,85,55,65,83,66,67,35,34,47,17,76,48,41,52,25,39,41,38,25,38,28,37,27,38,17,40,42,32,45,42,42,37,50,42,45,51,29,53,47,22,44,55,52,42,45,41,53,54,19,31,55,37,58,31,52,39,38,23,48,33,45,103,42,90,35,22,60,29,27,27,99,22,28,86,36,36,90,69,37,18,55,136,60,32,123,43,99,38,42,44,136,42,94,44,39,53,138,452,148,138,64,43,33,72,35,63,94,27,41,30,34
33,32,36,6,353,35,353,64,16,32,19,46,32,350,6,34,75,40,54,56,41,12,48,19,27,38,79,28,72,67,31,39,40,80,39,28,34,39,20,77,33,38,74,56,40,54,34,35,9,54,55,35,49,8,10,44,53,16,53,29,33,20,37,13,38,44,13,33,41,43,43,50,28,28,38,22,40,35,9,33,50,31,24,40,29,34,26,16,15,33,41,23,27,27,23,16,10,32,22,45,85,14,61,27,25,49,29,38,38,82,22,33,83,19,22,61,41,21,16,42,107,59,31,112,34,78,18,37,20,98,19,87,38,25,39,99,417,125,110,44,20,28,58,31,53,86,21,37,31,25
11,8,11,3,7,11,10,26,5,11,8,16,10,6,182,18,34,21,36,40,17,180,15,53,10,15,29,8,23,31,24,25,13,30,14,12,25,14,21,28,23,28,41,20,29,17,12,13,6,21,17,24,22,11,9,23,29,14,29,13,18,10,20,8,18,11,14,19,14,19,21,22,19,21,18,6,20,20,15,13,23,15,24,23,15,20,21,12,21,14,22,13,12,20,11,10,14,21,12,15,44,14,30,9,10,17,16,9,9,31,14,18,31,13,15,30,23,15,9,15,61,31,15,40,14,31,10,8,20,71,20,34,11,18,23,72,276,76,61,29,19,12,29,13,25,32,19,10,9,16
36,97,70,9,38,67,37,95,21,43,45,101,48,34,18,570,104,63,97,106,64,20,66,22,56,35,120,39,73,101,69,82,53,120,68,60,90,33,46,118,79,95,105,79,97,63,48,69,22,111,65,58,61,28,29,60,61,38,61,43,61,50,50,28,61,58,44,72,50,52,60,58,51,38,56,39,52,51,39,64,60,67,49,80,57,70,62,36,24,49,52,56,44,58,28,34,36,75,31,72,112,36,74,41,34,66,22,31,31,117,33,42,123,23,44,74,65,25,17,56,129,82,34,144,49,113,38,42,48,194,47,94,47,48,58,194,630,212,129,51,44,59,82,40,64,94,33,62,41,46
63,109,106,18,88,104,90,150,37,58,69,104,70,75,34,104,1203,108,181,190,121,42,130,43,74,64,183,77,178,335,100,136,123,185,113,75,131,79,66,176,119,139,454,142,148,113,85,125,44,186,90,103,109,76,61,99,110,77,110,64,96,66,102,36,83,76,56,100,108,91,113,110,85,67,112,81,106,91,89,114,125,102,119,98,110,110,103,81,84,102,117,91,71,105,74,69,85,96,74,119,217,81,181,71,54,130,60,79,81,205,67,81,216,78,85,181,145,88,37,102,260,150,83,255,97,207,73,78,91,402,88,184,77,93,120,403,1394,435,264,107,89,71,203,83,170,177,76,76,82,70
38,86,61,8,49,59,50,97,16,36,49,90,38,40,21,63,108,579,98,109,62,21,64,18,46,57,111,50,142,143,65,69,85,116,87,45,71,44,36,110,70,74,111,94,76,76,65,61,23,89,62,57,64,46,35,64,82,34,82,46,66,26,62,23,57,48,35,70,41,73,62,63,63,52,55,33,75,69,40,59,66,60,57,71,55,67,56,46,39,53,79,57,49,56,47,26,41,78,45,59,114,51,86,43,23,94,31,56,56,103,34,42,103,32,58,86,59,34,21,51,106,88,42,128,58,135,48,71,38,192,37,106,36,32,44,192,566,222,106,52,38,55,83,46,73,101,49,59,40,47
47,89,103,24,62,97,63,151,36,65,60,113,69,54,36,97,181,98,1097,1114,129,43,121,41,55,82,146,64,115,172,113,130,80,146,95,56,142,58,69,145,123,155,198,119,161,89,101,100,30,155,108,88,85,67,65,92,114,82,114,60,110,70,101,30,73,84,66,96,96,112,118,84,81,64,126,85,101,104,63,125,107,109,108,95,116,91,79,72,76,94,115,115,87,85,63,54,61,95,48,91,206,48,164,71,75,119,68,76,76,207,65,77,194,61,69,164,111,68,34,115,267,166,71,252,79,198,51,70,87,290,83,164,75,93,116,293,1245,342,268,129,86,69,125,69,111,163,77,97,70,62
53,102,106,24,65,100,65,163,38,70,63,128,74,56,40,106,190,109,1114,1204,142,47,131,44,64,91,155,73,122,181,119,133,88,155,98,66,145,63,75,154,126,160,214,127,167,92,109,111,37,166,115,93,91,76,69,101,124,84,124,62,121,76,109,35,78,90,71,106,105,126,125,90,96,79,139,87,111,111,67,130,112,115,116,103,122,101,88,79,82,107,125,122,89,94,68,55,64,110,53,101,233,61,179,78,79,132,73,81,81,223,72,87,206,67,77,179,121,75,34,121,288,180,76,269,89,219,52,81,100,313,95,185,78,104,131,316,1320,371,289,141,100,77,134,77,119,184,86,106,72,64
40,57,92,9,51,91,51,111,19,43,62,61,55,41,17,64,121,62,129,142,687,21,81,25,33,55,124,46,81,133,62,80,61,127,81,33,73,53,43,119,64,88,138,92,101,59,59,79,23,109,64,80,69,50,41,61,74,39,75,36,56,45,61,25,60,52,44,62,59,77,64,71,66,50,56,51,81,72,40,85,96,62,81,79,76,85,60,51,44,71,57,74,53,69,46,27,33,62,57,75,124,59,111,42,32,112,37,62,59,142,26,42,114,39,61,111,81,40,15,59,192,124,37,129,81,124,59,56,52,165,49,108,65,51,64,170,763,177,193,76,51,56,95,49,84,107,36,61,56,56
12,9,14,3,14,14,17,30,6,13,10,18,13,12,180,20,42,21,43,47,21,210,15,53,12,19,33,9,26,34,26,28,16,34,21,14,28,17,22,32,26,31,46,25,32,23,12,15,8,22,17,28,27,11,10,24,30,14,30,16,20,13,24,10,19,11,16,20,15,20,23,27,19,22,20,7,24,23,17,15,26,18,24,26,17,22,21,13,23,17,24,17,14,20,11,10,16,23,14,16,47,14,37,10,10,18,20,12,12,35,15,19,35,16,20,37,27,18,11,18,63,35,21,47,17,36,10,14,24,75,24,37,13,20,26,76,297,80,63,29,23,16,34,17,28,35,23,13,14,19
32,64,66,12,60,66,56,92,24,43,42,63,51,48,15,66,130,64,121,131,81,15,644,22,37,49,131,62,95,106,69,93,75,130,57,37,86,44,36,125,80,93,126,77,96,85,66,79,18,98,54,59,64,39,43,57,63,32,62,38,71,36,48,23,62,43,39,62,74,56,64,64,70,51,58,39,58,46,36,53,67,71,71,64,47,76,62,28,37,65,75,63,35,63,33,37,34,64,37,76,128,55,94,51,32,112,31,50,49,132,49,62,102,47,60,96,67,49,12,77,143,89,57,164,76,121,50,50,50,161,50,110,42,33,45,164,562,201,145,46,48,62,82,53,74,108,38,58,25,43
15,19,21,2,24,21,27,39,10,14,10,11,13,19,53,22,43,18,41,44,25,53,22,225,9,28,36,11,28,36,7,9,15,37,17,11,8,11,27,36,8,11,41,18,14,24,11,15,6,37,24,26,40,14,9,22,31,15,31,12,37,12,22,9,20,21,17,25,27,40,30,40,27,19,28,12,33,21,19,19,30,27,20,23,22,25,25,20,15,25,21,24,16,24,27,16,12,37,13,28,48,10,39,15,10,27,17,16,16,36,20,24,41,17,13,39,32,19,14,19,77,34,19,44,10,51,6,10,18,67,18,35,16,16,18,68,316,72,77,23,17,9,40,14,39,34,19,12,10,23
14,47,40,7,30,40,28,45,9,19,18,55,24,27,10,56,74,46,55,64,33,12,37,9,318,21,73,23,72,78,29,40,38,73,44,315,44,18,17,73,37,42,62,58,44,48,27,42,20,61,23,21,32,14,15,25,30,38,30,14,23,17,39,14,37,16,24,29,26,33,27,32,40,21,33,24,28,36,18,27,29,33,31,40,31,23,41,19,19,29,37,27,21,40,12,19,13,32,19,43,57,17,50,24,15,30,21,27,26,65,22,32,61,23,18,50,33,25,8,41,87,51,14,81,30,51,29,24,30,97,29,46,26,17,28,97,255,116,89,36,29,32,53,30,43,45,24,28,17,24
25,42,44,4,47,42,42,89,29,52,31,39,53,38,15,35,64,57,82,91,55,19,49,28,21,509,79,44,72,100,42,47,51,80,50,22,46,37,24,76,45,55,98,46,62,59,35,44,15,72,55,47,37,28,17,49,53,33,53,25,45,31,52,18,40,37,29,39,47,47,59,37,45,50,40,17,48,51,34,35,60,58,43,50,34,48,43,32,39,51,50,51,40,47,41,28,30,39,41,39,102,37,84,34,34,52,30,44,43,103,22,28,99,36,47,84,63,37,13,49,111,79,29,130,38,97,36,38,37,190,36,96,44,42,51,193,708,202,113,52,37,27,80,29,70,95,42,49,23,39
60,131,123,10,91,118,92,178,47,77,78,134,88,79,29,120,183,111,146,155,124,33,131,36,73,79,1052,97,112,211,99,128,153,1048,136,74,121,97,56,1014,108,133,211,147,145,117,91,135,32,178,100,79,78,50,55,100,96,68,97,60,98,57,93,39,105,77,58,83,93,95,93,78,84,73,87,66,88,95,63,78,106,115,109,107,81,94,94,73,74,92,101,103,65,94,60,54,64,106,62,113,167,78,156,92,56,122,62,67,64,225,35,47,184,69,87,157,111,74,36,103,237,135,76,269,75,188,76,70,63,335,61,177,86,54,74,341,1128,373,238,98,62,68,158,74,136,176,57,90,61,84
23,49,49,4,39,49,37,85,18,31,33,43,41,28,8,39,77,50,64,73,46,9,62,11,23,44,97,472,57,78,65,76,42,97,48,24,74,32,35,92,69,84,87,62,91,62,45,64,24,56,45,31,36,26,17,56,60,31,59,34,49,26,52,21,56,32,28,38,36,41,54,35,62,37,49,34,50,50,36,49,55,39,57,50,51,53,44,41,38,48,58,55,30,47,25,24,27,41,26,48,68,31,84,44,26,75,20,30,28,89,31,36,87,24,34,84,65,25,12,63,113,66,30,130,40,76,42,46,49,131,48,83,41,47,52,131,529,141,112,36,49,42,68,30,61,84,25,53,27,40
50,72,70,13,80,70,82,101,31,49,50,74,54,72,23,73,178,142,115,122,81,26,95,28,72,72,112,57,736,160,60,79,75,114,99,75,81,45,45,110,77,90,166,111,91,68,60,86,34,114,63,68,93,45,42,69,97,48,97,46,70,35,80,26,60,47,39,66,42,73,76,91,75,55,73,53,75,67,48,76,79,80,75,72,83,97,64,45,42,87,81,76,46,62,59,29,44,83,45,69,153,55,109,54,40,107,47,49,49,139,44,59,139,61,58,110,82,61,17,63,170,103,51,162,69,133,52,75,43,219,43,126,60,50,61,221,853,242,173,87,43,47,109,50,90,121,42,68,53,37
64,119,97,14,78,93,82,185,44,75,66,119,83,67,31,101,335,143,172,181,133,34,106,36,78,100,211,78,160,1275,115,155,113,214,115,78,141,85,69,203,128,142,323,157,154,154,95,112,32,188,115,112,104,64,60,103,126,67,126,59,99,63,130,58,105,90,65,98,96,114,96,104,128,97,119,69,120,107,76,112,117,122,114,101,107,110,112,74,78,108,135,113,73,116,77,65,59,118,74,125,244,85,183,82,62,135,72,100,99,263,63,85,210,86,102,183,146,91,31,116,312,184,71,294,104,249,104,77,71,430,66,193,94,101,125,435,1492,485,316,130,72,107,202,70,184,191,66,135,92,81
42,64,71,9,40,68,39,109,30,50,41,84,49,31,24,69,100,65,113,119,62,26,69,7,29,42,99,65,60,115,628,634,66,99,56,30,630,36,35,98,618,636,107,93,647,70,57,81,21,115,60,46,60,39,29,53,57,34,58,47,79,40,67,19,49,42,36,53,53,71,49,61,70,44,60,50,53,51,41,61,58,53,61,60,68,69,52,34,34,55,55,66,37,53,35,37,26,50,33,51,125,47,90,43,39,90,27,50,47,118,22,33,102,39,66,90,69,41,24,58,165,120,51,162,58,118,45,58,55,228,54,139,47,33,40,227,1356,255,167,46,57,35,111,45,97,138,56,61,46,43
49,81,87,11,50,84,49,132,34,56,54,105,58,39,25,82,136,69,130,133,80,28,93,9,40,47,128,76,79,155,634,815,78,128,62,41,721,44,47,125,700,728,133,107,738,94,61,98,28,135,74,50,68,45,42,63,69,37,70,52,87,49,75,21,62,52,42,61,65,86,60,69,74,53,68,57,60,64,52,69,70,66,71,73,76,79,69,43,34,64,66,69,41,71,37,47,38,62,45,67,158,62,117,59,49,99,36,52,48,147,22,33,126,53,72,117,92,55,23,78,214,148,53,213,64,150,52,69,66,270,65,165,61,49,59,271,1553,306,219,55,67,46,136,55,114,161,63,74,58,62
44,70,79,9,50,77,49,82,22,38,53,75,38,40,13,53,123,85,80,88,61,16,75,15,38,51,153,42,75,113,66,78,549,153,80,38,72,39,36,149,70,78,131,82,84,94,42,71,23,100,59,62,54,36,27,54,68,37,68,42,50,27,57,15,58,47,20,39,43,52,44,54,55,53,40,45,64,55,33,49,77,66,59,64,59,50,54,34,34,60,66,44,47,63,26,32,31,68,36,51,93,38,72,57,33,94,21,42,41,91,26,27,116,36,51,72,53,37,16,57,98,84,43,131,55,115,48,47,48,159,47,141,32,35,43,160,583,174,100,57,47,33,72,47,68,139,26,56,35,61
60,131,123,10,92,118,93,178,47,78,78,134,88,80,30,120,185,116,146,155,127,34,130,37,73,80,1048,97,114,214,99,128,153,1055,135,74,121,98,56,1010,108,133,212,147,145,119,91,136,32,181,100,80,80,51,57,102,98,68,99,62,99,59,94,40,103,77,58,83,93,95,93,80,85,73,88,66,89,95,63,79,105,115,109,108,81,95,96,73,75,93,102,104,66,96,60,54,65,106,63,112,168,82,157,92,56,122,62,67,64,225,35,47,188,70,87,158,111,75,37,103,241,135,77,271,78,189,77,71,64,337,62,179,87,53,73,343,1132,375,242,101,63,74,159,74,137,178,58,90,61,84
40,74,66,12,46,64,48,101,31,51,41,67,53,39,14,68,113,87,95,98,81,21,57,17,44,50,136,48,99,115,56,62,80,135,585,45,70,46,34,134,62,80,136,91,82,84,82,89,23,113,66,62,67,25,41,56,66,32,67,44,67,51,75,24,59,56,23,55,48,59,50,67,73,58,57,51,71,65,42,65,67,70,48,50,68,60,64,52,46,77,76,87,51,66,53,22,42,55,45,54,111,38,100,37,52,97,30,40,40,137,34,49,125,42,67,100,73,45,21,69,132,76,41,158,57,117,45,44,40,164,39,136,47,35,41,164,552,183,133,63,39,56,75,37,57,140,33,56,39,50
16,46,40,7,31,40,29,47,9,19,18,54,24,28,12,60,75,45,56,66,33,14,37,11,315,22,74,24,75,78,30,41,38,74,45,323,45,18,20,74,38,43,65,58,45,48,28,43,21,64,25,21,32,15,16,25,33,38,33,14,24,17,39,15,37,17,24,31,27,34,28,32,40,23,35,24,28,36,20,27,30,33,30,40,31,25,41,20,20,30,35,28,22,40,13,19,14,33,20,46,62,17,51,23,16,31,26,28,27,65,23,32,62,23,20,51,34,25,9,42,89,50,14,82,30,55,30,25,31,104,30,50,26,20,31,104,285,124,91,37,30,33,55,30,45,48,24,27,17,24
48,78,92,10,44,89,43,133,35,59,56,102,63,34,25,90,131,71,142,145,73,28,86,8,44,46,121,74,81,141,630,721,72,121,70,45,824,46,50,119,700,805,135,113,813,94,64,99,28,144,84,51,76,44,39,60,69,42,70,55,87,54,72,20,59,61,41,66,71,79,55,77,73,54,73,56,68,61,49,66,70,70,73,67,74,80,76,42,41,64,67,75,47,73,38,43,39,70,45,72,151,50,124,66,55,98,39,55,52,153,32,45,127,47,75,124,97,49,25,76,234,155,57,204,64,154,56,61,70,290,69,172,56,43,54,289,1647,325,237,68,70,49,144,52,120,168,72,79,53,54
29,29,42,5,48,41,46,76,7,33,23,36,28,39,14,33,79,44,58,63,53,17,44,11,18,37,97,32,45,85,36,44,39,98,46,18,46,407,22,96,38,55,57,53,58,50,36,42,10,59,36,32,45,28,22,23,42,21,42,33,39,20,34,12,42,22,28,32,43,42,33,44,38,32,43,34,43,51,15,49,44,34,31,43,47,42,49,20,39,50,46,50,37,47,26,23,12,48,25,36,70,28,62,41,26,66,17,35,32,73,16,20,65,31,51,62,45,32,10,41,85,67,30,103,32,78,30,30,42,134,40,71,27,28,36,134,455,153,85,37,41,25,64,33,57,71,25,46,23,39
30,34,31,4,23,31,25,60,12,26,21,39,25,20,21,46,66,36,69,75,43,22,36,27,17,24,56,35,45,69,35,47,36,56,34,20,50,22,405,54,42,49,73,32,49,28,34,34,18,76,30,22,31,21,18,37,36,28,36,20,42,28,28,12,42,21,22,30,52,50,35,32,39,24,48,25,43,38,39,44,33,31,34,35,40,42,37,27,30,40,47,44,26,33,23,24,30,34,25,41,79,20,68,31,20,32,29,18,18,91,22,26,85,31,27,69,51,37,13,29,89,63,27,77,37,77,25,16,33,164,32,76,31,34,42,166,481,183,90,36,33,19,59,25,48,75,34,22,28,22
59,122,117,8,89,112,90,175,47,76,77,130,85,77,28,118,176,110,145,154,119,32,125,36,73,76,1014,92,110,203,98,125,149,1010,134,74,119,96,54,1009,106,131,204,145,142,117,87,133,32,175,95,78,77,49,52,96,93,66,94,57,98,54,89,37,102,72,57,78,90,91,91,77,81,72,87,64,87,92,63,76,101,112,106,104,79,91,93,73,74,89,96,97,64,93,60,53,64,104,61,112,163,74,153,88,54,118,61,62,60,219,33,45,182,66,85,154,108,71,36,101,227,131,74,262,72,180,72,67,62,324,60,176,84,51,71,329,1099,362,228,97,61,65,152,67,131,175,56,87,60,79
45,73,78,10,42,75,41,120,33,54,47,97,55,33,23,79,119,70,123,126,64,26,80,8,37,45,108,69,77,128,618,700,70,108,62,38,700,38,42,106,706,707,125,100,717,91,59,88,26,125,62,44,65,41,37,59,59,38,60,50,82,43,69,19,52,43,38,54,65,76,52,66,72,46,67,56,58,59,46,65,65,59,66,67,74,72,62,36,34,62,58,72,40,64,41,41,36,57,37,58,138,51,111,53,48,93,33,47,45,131,23,34,116,47,64,111,86,49,23,68,185,132,49,188,59,130,52,58,61,252,60,153,53,39,48,251,1477,282,188,53,62,45,125,48,105,149,61,68,51,50
54,80,102,11,48,99,48,150,38,64,64,106,65,38,28,95,139,74,155,160,88,31,93,11,42,55,133,84,90,142,636,728,78,133,80,43,805,55,49,131,707,894,141,115,904,102,71,112,30,148,85,54,79,51,42,62,83,47,84,59,98,56,79,22,60,61,46,80,79,90,61,80,77,62,80,64,70,75,54,78,79,71,83,80,86,90,78,48,41,76,70,85,58,76,38,43,44,76,51,78,168,54,134,68,53,114,44,60,57,160,37,50,135,47,80,134,105,49,29,88,248,173,61,231,69,166,56,65,73,310,71,181,68,46,58,309,1736,346,251,69,75,53,155,59,131,178,70,85,61,60
69,110,121,23,90,121,88,165,45,70,70,114,83,74,41,105,454,111,198,214,138,46,126,41,62,98,211,87,166,323,107,133,131,212,136,65,135,57,73,204,125,141,1294,146,154,136,89,139,48,176,112,91,103,74,69,124,115,92,115,75,131,64,97,40,96,94,57,98,111,116,110,104,94,88,116,70,112,103,71,112,117,104,109,107,107,108,98,86,87,114,136,101,71,110,90,66,72,103,92,110,230,58,193,79,71,131,80,76,77,236,58,84,230,84,93,194,138,86,30,95,262,172,82,239,115,216,87,86,96,404,95,193,100,98,138,406,1431,418,264,101,97,84,215,76,192,192,65,96,66,93
44,82,83,8,66,79,65,109,33,62,51,89,66,56,20,79,142,94,119,127,92,25,77,18,58,46,147,62,111,157,93,107,82,147,91,58,113,53,32,145,100,115,146,722,118,87,64,82,17,134,53,55,63,38,34,62,67,50,67,56,71,37,59,32,60,39,36,70,61,52,63,63,73,52,68,37,73,68,41,71,82,79,59,72,56,76,74,32,48,53,89,65,52,75,40,34,28,64,46,70,138,72,98,53,34,95,25,54,53,144,39,49,132,34,59,98,80,43,29,63,157,106,49,168,72,118,66,67,55,193,55,116,56,47,56,195,617,226,159,54,52,49,98,55,80,116,40,57,42,59
55,83,107,11,50,103,50,160,40,65,65,113,67,40,29,97,148,76,161,167,101,32,96,14,44,62,145,91,91,154,647,738,84,145,82,45,813,58,49,142,717,904,154,118,965,106,75,121,33,159,88,56,84,56,42,63,84,49,85,59,101,59,83,25,64,64,48,86,80,94,65,85,82,65,86,69,75,78,57,85,85,80,86,85,91,91,84,53,45,81,72,92,64,83,43,44,46,82,56,87,176,55,142,73,60,121,47,62,59,170,38,51,142,48,83,142,111,51,30,94,265,188,63,240,71,179,58,69,78,333,75,194,74,54,67,334,1866,369,268,70,80,57,168,61,144,191,71,90,63,62
26,72,71,7,60,68,59,109,18,38,42,102,35,54,17,63,113,76,89,92,59,23,85,24,48,59,117,62,68,154,70,94,94,119,84,48,94,50,28,117,91,102,136,87,106,638,66,78,26,98,48,50,67,31,38,69,46,40,46,43,62,38,62,23,48,30,29,36,57,69,58,67,66,53,54,39,76,53,35,72,57,62,46,57,64,58,63,30,37,53,70,55,41,67,41,27,38,56,42,44,119,58,109,50,41,73,38,60,60,110,28,38,133,43,67,109,78,44,26,73,123,115,40,188,51,100,54,49,59,216,59,111,42,42,60,218,699,233,127,46,57,68,112,28,97,111,41,63,40,69
14,64,54,8,38,52,36,68,19,27,35,61,34,34,12,48,85,65,101,109,59,12,66,11,27,35,91,45,60,95,57,61,42,91,82,28,64,36,34,87,59,71,89,64,75,66,412,63,23,76,61,32,44,29,38,59,50,21,50,32,44,31,49,24,59,52,19,44,43,43,58,44,58,35,35,30,49,37,35,50,61,55,42,39,41,55,63,37,32,43,67,57,40,70,30,18,38,40,31,60,107,43,89,34,28,73,33,36,36,97,33,45,97,28,38,89,68,29,17,48,108,73,44,113,46,91,41,39,37,166,36,94,27,51,72,165,647,180,108,46,38,46,58,29,43,93,25,41,21,32
39,77,67,20,45,64,43,106,30,46,38,82,47,35,13,69,125,61,100,111,79,15,79,15,42,44,135,64,86,112,81,98,71,136,89,43,99,42,34,133,88,112,139,82,121,78,63,606,22,99,56,60,48,39,30,59,69,42,69,45,62,45,83,23,67,42,32,61,61,70,54,48,58,40,53,30,63,60,37,46,67,61,62,48,40,58,76,35,44,72,59,67,43,76,34,31,30,65,50,70,118,54,103,59,48,112,37,49,46,100,31,34,130,40,73,103,79,39,25,62,161,110,32,157,64,118,41,46,58,220,56,112,45,49,60,221,675,252,163,50,58,55,94,37,83,114,26,79,42,57
18,23,22,3,10,22,9,37,12,14,14,25,17,9,6,22,44,23,30,37,23,8,18,6,20,15,32,24,34,32,21,28,23,32,23,21,28,10,18,32,26,30,48,17,33,26,23,22,218,30,29,20,25,19,15,22,23,15,23,13,18,10,17,13,18,23,11,21,20,18,13,24,24,20,21,16,15,20,23,23,20,18,25,16,24,30,15,19,15,22,14,25,18,15,19,10,14,19,11,24,32,12,42,10,19,28,9,22,22,39,26,31,36,14,9,43,29,14,7,22,54,39,13,47,18,39,13,23,15,48,14,39,16,23,31,49,313,58,54,26,14,12,26,10,23,38,18,19,23,18
62,106,94,13,65,89,61,134,33,66,56,105,76,54,21,111,186,89,155,166,109,22,98,37,61,72,178,56,114,188,115,135,100,181,113,64,144,59,76,175,125,148,176,134,159,98,76,99,30,966,85,84,118,44,61,96,94,55,94,52,99,63,66,34,95,70,65,91,72,104,87,117,82,70,79,69,97,96,67,87,88,93,92,88,87,66,85,61,65,80,94,89,78,79,56,57,54,88,75,87,172,61,145,55,60,129,48,72,72,167,48,65,193,68,80,145,118,75,34,71,228,135,60,199,76,185,58,57,79,245,76,152,85,80,98,247,921,287,231,91,78,66,107,59,93,155,57,76,63,62
24,62,59,7,57,57,56,88,24,44,37,69,48,55,17,65,90,62,108,115,64,17,54,24,23,55,100,45,63,115,60,74,59,100,66,25,84,36,30,95,62,85,112,53,88,48,61,56,29,85,601,112,96,31,44,87,103,34,104,37,96,44,98,23,199,496,33,91,55,101,94,98,65,54,72,73,104,118,40,98,108,88,77,97,93,113,91,44,39,88,75,107,74,97,43,39,43,196,30,186,118,35,70,38,43,74,36,33,31,126,38,53,115,42,36,70,48,44,21,40,144,94,49,117,43,107,45,37,34,212,33,101,34,47,64,212,671,220,144,63,34,38,92,30,76,102,35,49,39,39
32,50,53,5,41,51,40,102,20,41,29,46,41,35,24,58,103,57,88,93,80,28,59,26,21,47,79,31,68,112,46,50,62,80,62,21,51,32,22,78,44,54,91,55,56,50,32,60,20,84,112,589,96,35,41,109,79,39,80,30,85,42,110,29,98,98,43,89,52,74,119,96,58,59,76,75,89,88,39,98,117,81,68,95,100,115,95,48,40,92,71,90,78,95,43,37,49,118,36,107,91,50,93,30,39,74,33,33,33,98,40,46,119,46,52,94,70,48,26,43,172,94,38,116,44,124,30,49,48,170,49,102,42,55,70,171,615,178,172,75,47,39,85,27,70,100,31,39,46,34
32,56,59,9,54,58,54,78,29,45,41,57,52,49,22,61,109,64,85,91,69,27,64,40,32,37,78,36,93,104,60,68,54,80,67,32,76,45,31,77,65,79,103,63,84,67,44,48,25,118,96,96,625,36,40,99,111,28,111,25,108,41,81,30,96,76,34,60,52,104,91,619,69,55,61,60,255,93,35,85,91,96,80,95,83,103,90,41,34,80,70,99,78,91,43,29,35,118,46,113,122,49,97,40,25,75,41,37,37,120,47,59,108,42,39,97,72,49,19,41,163,75,35,116,52,109,45,51,42,173,42,102,40,56,69,174,586,191,163,82,42,40,87,43,72,103,42,49,49,40
16,26,33,6,15,30,15,67,11,23,22,22,25,8,11,28,76,46,67,76,50,11,39,14,14,28,50,26,45,64,39,45,36,51,25,15,44,28,21,49,41,51,74,38,56,31,29,39,19,44,31,35,36,351,19,32,18,22,18,25,33,53,23,18,30,24,95,41,38,35,37,35,43,22,40,21,41,39,20,45,38,42,34,29,41,32,46,26,34,40,27,44,28,45,30,108,23,30,18,28,64,22,51,20,17,47,21,30,30,64,19,25,61,17,24,51,41,19,12,30,93,54,35,76,23,75,26,19,33,126,30,61,30,34,45,126,499,145,93,45,33,28,33,24,25,64,23,28,22,18
25,43,26,3,15,24,12,63,21,29,20,34,39,10,9,29,61,35,65,69,41,10,43,9,15,17,55,17,42,60,29,42,27,57,41,16,39,22,18,52,37,42,69,34,42,38,38,30,15,61,44,41,40,19,361,41,32,21,32,29,36,23,32,17,34,39,16,32,50,36,38,40,36,26,39,35,39,33,32,46,42,46,41,38,42,41,46,29,25,42,43,50,26,49,25,14,27,42,35,37,73,29,46,18,17,53,18,24,25,56,24,30,70,28,22,46,32,29,14,27,79,44,18,79,25,66,28,27,20,80,19,44,19,38,52,80,309,88,79,37,19,24,37,26,29,44,21,14,26,20
31,67,56,7,49,55,48,110,19,29,34,57,41,44,23,60,99,64,92,101,61,24,57,22,25,49,100,56,69,103,53,63,54,102,56,25,60,23,37,96,59,62,124,62,63,69,59,59,22,96,87,109,99,32,41,608,83,29,85,28,93,40,101,40,118,74,45,65,68,93,253,99,81,72,82,76,104,87,35,96,115,105,69,116,104,93,106,46,40,103,82,107,66,103,52,37,33,119,47,108,117,50,100,52,40,65,32,41,39,127,37,47,146,50,56,101,80,53,17,35,160,75,48,151,52,116,48,48,49,186,49,86,45,61,75,186,604,210,161,76,48,45,83,30,73,83,41,38,40,51
38,60,62,15,60,61,63,91,21,38,43,59,38,53,29,61,110,82,114,124,74,30,63,31,30,53,96,60,97,126,57,69,68,98,66,33,69,42,36,93,59,83,115,67,84,46,50,69,23,94,103,79,111,18,32,83,589,38,589,31,168,33,164,32,100,86,29,49,43,187,99,111,72,59,76,76,98,111,35,106,118,100,66,111,101,106,91,33,36,111,82,112,91,90,39,23,39,81,43,96,116,42,100,43,35,83,41,35,35,126,35,44,116,25,46,100,68,31,21,44,161,99,29,135,40,117,36,39,45,165,44,112,42,58,65,166,737,183,162,60,42,39,104,45,87,110,30,51,49,43
25,34,46,12,18,46,22,71,15,23,27,42,25,16,14,38,77,34,82,84,39,14,32,15,38,33,68,31,48,67,34,37,37,68,32,38,42,21,28,66,38,47,92,50,49,40,21,42,15,55,34,39,28,22,21,29,38,410,38,18,42,29,38,10,42,24,24,38,57,28,26,28,33,19,49,35,35,42,24,44,54,44,30,45,49,34,44,16,27,34,38,36,43,44,18,26,23,52,23,48,74,19,71,26,25,44,26,28,28,67,23,28,80,35,29,73,49,38,6,32,102,67,28,84,27,72,21,30,31,135,29,64,27,29,33,135,669,144,102,36,32,20,68,14,63,64,18,39,26,32
38,60,62,15,60,61,63,90,21,38,43,59,38,53,29,61,110,82,114,124,75,30,62,31,30,53,97,59,97,126,58,70,68,99,67,33,70,42,36,94,60,84,115,67,85,46,50,69,23,94,104,80,111,18,32,85,589,38,594,31,171,32,169,32,100,87,31,49,43,192,101,111,73,58,76,78,98,114,35,109,123,101,66,117,106,109,92,33,36,115,83,116,92,91,39,23,39,83,44,97,116,42,100,43,35,83,41,34,34,127,35,44,118,25,46,100,68,31,21,44,160,99,29,137,40,118,36,39,46,165,45,113,42,58,65,166,743,183,161,59,43,39,104,45,87,111,30,52,49,43
19,36,50,4,33,50,34,54,17,26,40,46,28,29,13,43,64,46,60,62,36,16,38,12,14,25,60,34,46,59,47,52,42,62,44,14,55,33,20,57,50,59,75,56,59,43,32,45,13,52,37,30,25,25,29,28,31,18,31,322,31,28,31,13,40,30,20,32,34,28,37,26,31,31,38,18,40,30,24,20,29,31,30,28,26,38,32,24,32,39,45,31,22,33,33,19,21,32,18,35,61,40,52,35,23,59,21,30,30,58,11,17,60,21,27,52,39,22,12,24,52,54,21,68,47,70,36,26,29,111,28,55,21,22,30,111,280,125,53,25,30,29,47,30,43,54,32,30,20,35
29,56,56,5,41,56,39,115,20,37,36,51,37,33,18,61,96,66,110,121,56,20,71,37,23,45,98,49,70,99,79,87,50,99,67,24,87,39,42,98,82,98,131,71,101,62,44,62,18,99,96,85,108,33,36,93,168,42,171,31,596,26,135,42,95,82,35,59,56,155,84,109,81,60,73,77,114,109,32,103,130,98,69,119,100,112,77,34,48,105,70,115,84,83,43,27,35,116,46,109,107,46,94,46,33,77,42,25,25,125,25,31,112,47,33,94,79,50,14,42,158,92,46,119,47,111,46,43,37,169,37,106,47,51,63,170,680,191,158,69,36,37,89,34,79,104,36,44,39,45
20,39,40,7,23,36,21,62,11,17,25,43,27,20,10,50,66,26,70,76,45,13,36,12,17,31,57,26,35,63,40,49,27,59,51,17,54,20,28,54,43,56,64,37,59,38,31,45,10,63,44,42,41,53,23,40,33,29,32,28,26,371,28,24,20,40,52,41,40,34,40,41,39,28,49,35,43,34,28,46,47,34,39,27,43,37,45,24,30,35,37,40,26,45,21,50,29,42,29,44,81,30,68,26,21,47,26,20,19,83,18,26,78,35,33,68,48,36,7,35,98,55,25,84,33,67,31,28,26,114,25,61,30,32,40,115,531,128,99,35,26,32,50,20,38,64,21,28,24,15
39,44,52,10,48,52,45,99,18,35,34,53,38,37,20,50,102,62,101,109,61,24,48,22,39,52,93,52,80,130,67,75,57,94,75,39,72,34,28,89,69,79,97,59,83,62,49,83,17,66,98,110,81,23,32,101,164,38,169,31,135,28,575,27,90,86,31,67,47,173,99,81,52,47,86,78,88,101,43,111,124,90,61,107,109,113,100,40,40,113,73,110,75,106,33,28,40,104,36,102,100,38,80,42,29,67,37,42,42,124,30,39,103,43,46,80,61,44,17,65,159,91,29,149,32,103,31,43,46,161,46,83,45,57,71,162,610,180,159,74,42,48,73,31,61,85,42,37,40,31
14,29,21,1,14,21,16,34,9,14,11,23,17,13,8,28,36,23,30,35,25,10,23,9,14,18,39,21,26,58,19,21,15,40,24,15,20,12,12,37,19,22,40,32,25,23,24,23,13,34,23,29,30,18,17,40,32,10,32,13,42,24,27,217,35,19,17,27,23,31,32,30,117,22,25,12,27,33,23,19,28,25,21,30,17,30,28,8,20,26,20,31,18,26,8,13,25,26,11,41,48,5,37,23,15,27,18,24,24,43,12,15,48,19,20,37,25,19,7,22,56,33,15,59,25,37,19,14,26,75,24,42,14,13,19,75,248,81,56,25,26,24,32,15,27,43,12,16,10,12
30,57,60,9,46,57,48,113,27,43,38,49,40,38,18,61,83,57,73,78,60,19,62,20,37,40,105,56,60,105,49,62,58,103,59,37,59,42,42,102,52,60,96,60,64,48,59,67,18,95,199,98,96,30,34,118,100,42,100,40,95,20,90,35,601,171,24,60,53,104,99,96,75,60,74,66,118,120,45,85,113,108,66,116,89,104,101,42,51,83,88,84,62,109,44,33,41,199,48,200,113,41,88,50,34,68,31,33,32,127,34,38,98,41,36,89,67,44,19,37,127,85,38,120,56,126,42,43,58,213,56,84,47,63,77,214,587,231,128,63,55,35,90,45,79,86,33,48,27,46
21,47,48,7,46,46,45,71,21,37,31,53,42,44,11,58,76,48,84,90,52,11,43,21,16,37,77,32,47,90,42,52,47,77,56,17,61,22,21,72,43,61,94,39,64,30,52,42,23,70,496,98,76,24,39,74,86,24,87,30,82,40,86,19,171,486,21,75,42,84,76,78,55,46,53,66,88,95,32,82,91,74,59,78,78,91,76,35,28,73,59,83,66,80,36,33,37,171,24,167,91,23,57,27,34,56,25,26,24,104,26,39,100,31,28,57,40,33,16,26,114,67,37,88,37,92,38,25,26,145,25,78,28,41,56,145,489,153,114,51,26,25,74,21,61,78,28,38,31,32
16,38,43,4,20,42,20,44,18,30,27,28,32,13,14,44,56,35,66,71,44,16,39,17,24,29,58,28,39,65,36,42,20,58,23,24,41,28,22,57,38,46,57,36,48,29,19,32,11,65,33,43,34,95,16,45,29,24,31,20,35,52,31,17,24,21,375,31,37,38,37,34,27,22,40,26,34,43,19,46,34,44,26,53,35,49,46,28,27,44,24,40,29,43,16,98,19,52,18,32,63,18,45,21,20,43,12,25,25,62,19,23,58,26,26,45,36,30,11,34,108,57,22,84,36,72,9,24,27,87,26,57,28,32,37,88,426,104,108,41,28,20,42,16,35,57,16,30,24,23
21,50,64,3,38,61,37,103,26,47,39,50,45,33,19,72,100,70,96,106,62,20,62,25,29,39,83,38,66,98,53,61,39,83,55,31,66,32,30,78,54,80,98,70,86,36,44,61,21,91,91,89,60,41,32,65,49,38,49,32,59,41,67,27,60,75,31,568,51,65,66,60,64,60,77,36,54,68,42,57,77,66,53,65,52,70,67,40,38,73,58,80,58,69,30,24,31,79,36,79,107,36,86,48,44,60,23,38,38,105,35,43,88,40,42,86,75,42,29,44,125,79,44,110,45,95,34,59,39,181,39,100,53,35,54,182,627,210,125,51,39,30,88,31,75,99,41,36,35,36
35,58,54,8,46,51,50,102,23,48,33,42,42,41,14,50,108,41,96,105,59,15,74,27,26,47,93,36,42,96,53,65,43,93,48,27,71,43,52,90,65,79,111,61,80,57,43,61,20,72,55,52,52,38,50,68,43,57,43,34,56,40,47,23,53,42,37,51,652,55,61,50,56,54,54,43,74,59,37,63,70,50,55,55,66,70,56,39,41,67,58,69,51,53,43,41,32,58,39,71,110,41,106,32,34,69,40,35,33,91,44,50,99,43,48,106,81,47,15,34,154,80,47,110,35,129,37,32,36,194,36,97,48,57,68,197,731,219,155,58,32,32,103,24,96,99,42,52,45,30
38,57,59,15,50,59,48,94,28,42,35,51,42,43,19,52,91,73,112,126,77,20,56,40,33,47,95,41,73,114,71,86,52,95,59,34,79,42,50,91,76,90,116,52,94,69,43,70,18,104,101,74,104,35,36,93,187,28,192,28,155,34,173,31,104,84,38,65,55,606,87,105,78,56,92,98,93,104,35,125,110,92,55,114,120,114,89,34,31,109,60,108,84,88,33,35,36,105,37,103,114,35,89,46,26,73,34,43,44,124,23,28,118,47,39,89,70,51,12,32,159,107,38,123,47,148,30,32,39,181,36,91,59,62,71,182,612,193,160,73,39,32,83,39,68,89,36,50,42,38
28,55,59,9,47,57,50,75,22,38,36,46,37,43,21,60,113,62,118,125,64,23,64,30,27,59,93,54,76,96,49,60,44,93,50,28,55,33,35,91,52,61,110,63,65,58,58,54,13,87,94,119,91,37,38,253,99,26,101,37,84,40,99,32,99,76,37,66,61,87,596,90,61,68,85,72,90,105,25,99,119,105,68,109,98,107,100,42,47,99,75,102,75,96,49,38,32,96,46,109,112,40,114,60,36,64,35,36,36,113,28,36,124,48,39,115,86,52,24,41,129,56,43,124,52,111,41,48,41,192,39,80,34,58,72,192,595,202,130,64,38,43,89,40,79,81,45,33,40,32
30,56,58,9,55,57,55,77,28,44,40,56,50,50,22,58,110,63,84,90,71,27,64,40,32,37,78,35,91,104,61,69,54,80,67,32,77,44,32,77,66,80,104,63,85,67,44,48,24,117,98,96,619,35,40,99,111,28,111,26,109,41,81,30,96,78,34,60,50,105,90,621,69,53,62,59,255,93,35,85,91,96,79,95,82,103,89,42,35,80,69,99,78,90,42,28,34,115,45,113,122,48,94,40,24,73,41,37,37,120,43,55,107,41,39,94,69,48,19,41,163,76,35,116,53,106,45,51,42,173,42,101,40,56,69,174,587,191,163,81,42,40,87,44,72,102,42,49,50,40
41,49,40,7,32,40,33,100,24,40,27,40,42,28,19,51,85,63,81,96,66,19,70,27,40,45,84,62,75,128,70,74,55,85,73,40,73,38,39,81,72,77,94,73,82,66,58,58,24,82,65,58,69,43,36,81,72,33,73,31,81,39,52,117,75,55,27,64,56,78,61,69,565,51,54,51,66,81,34,76,84,56,59,69,73,74,74,23,38,80,78,82,66,71,41,27,35,79,37,85,126,33,85,42,34,80,31,42,41,120,39,53,135,43,40,86,65,49,15,37,144,87,28,106,43,105,42,60,64,157,60,80,34,54,67,158,589,182,146,75,61,53,64,31,57,77,46,43,32,39
23,36,37,11,34,35,34,74,24,41,23,39,45,28,21,38,67,52,64,79,50,22,51,19,21,50,73,37,55,97,44,53,53,73,58,23,54,32,24,72,46,62,88,52,65,53,35,40,20,70,54,59,55,22,26,72,59,19,58,31,60,28,47,22,60,46,22,60,54,56,68,53,51,569,64,48,56,67,41,65,69,51,60,72,66,84,79,41,36,62,57,59,41,75,36,31,37,60,43,65,102,37,79,27,28,62,36,35,35,86,30,41,93,24,32,79,56,26,19,40,109,71,28,109,37,105,22,37,47,123,45,94,40,31,41,125,550,141,109,49,45,33,65,26,57,91,30,40,35,32
33,57,59,11,44,58,42,93,25,49,36,57,51,38,18,56,112,55,126,139,56,20,58,28,33,40,87,49,73,119,60,68,40,88,57,35,73,43,48,87,67,80,116,68,86,54,35,53,21,79,72,76,61,40,39,82,76,49,76,38,73,49,86,25,74,53,40,77,54,92,85,62,54,64,584,56,64,81,33,70,80,86,102,57,78,84,80,38,30,67,74,75,43,83,33,35,24,92,30,87,131,55,97,36,33,86,40,34,33,158,33,39,132,43,41,97,71,51,24,64,152,109,56,145,45,119,41,46,39,200,37,118,50,58,72,204,931,216,153,65,37,44,101,26,87,118,50,50,52,28
20,37,48,12,30,47,33,59,14,30,29,35,29,22,6,39,81,33,85,87,51,7,39,12,24,17,66,34,53,69,50,57,45,66,51,24,56,34,25,64,56,64,70,37,69,39,30,30,16,69,73,75,60,21,35,76,76,35,78,18,77,35,78,12,66,66,26,36,43,98,72,59,51,48,56,407,61,109,30,349,128,77,38,100,413,112,64,16,20,124,52,146,194,65,23,17,30,67,28,79,77,22,74,34,33,51,17,28,29,74,31,35,79,27,33,74,50,28,10,35,91,63,37,84,30,91,27,37,28,111,24,53,38,45,53,112,453,119,91,36,27,25,61,31,50,56,31,29,39,22
32,55,62,5,52,61,46,108,29,50,38,52,53,40,20,52,106,75,101,111,81,24,58,33,28,48,88,50,75,120,53,60,64,89,71,28,68,43,43,87,58,70,112,73,75,76,49,63,15,97,104,89,255,41,39,104,98,35,98,40,114,43,88,27,118,88,34,54,74,93,90,255,66,56,64,61,585,94,41,84,99,92,62,96,81,96,107,50,52,86,85,87,78,110,45,29,34,130,41,102,125,41,99,36,34,75,41,34,33,135,40,44,115,41,52,99,80,50,20,49,137,84,51,137,49,130,56,45,43,182,43,93,48,52,64,184,634,198,139,71,41,44,83,47,74,94,39,50,40,44
36,56,65,13,44,63,46,97,25,61,41,63,47,35,20,51,91,69,104,111,72,23,46,21,36,51,95,50,67,107,51,64,55,95,65,36,61,51,38,92,59,75,103,68,78,53,37,60,20,96,118,88,93,39,33,87,111,42,114,30,109,34,101,33,120,95,43,68,59,104,105,93,81,67,81,109,94,579,33,128,128,107,69,143,142,138,104,41,28,165,78,155,127,107,37,35,36,105,34,119,113,49,97,49,39,54,36,50,49,95,32,43,109,51,47,97,78,56,20,54,157,96,41,134,49,122,31,47,55,179,53,98,45,60,65,181,602,199,158,81,55,41,89,26,74,99,43,37,51,46
33,39,47,11,15,46,12,55,15,24,34,47,22,9,15,39,89,40,63,67,40,17,36,19,18,34,63,36,48,76,41,52,33,63,42,20,49,15,39,63,46,54,71,41,57,35,35,37,23,67,40,39,35,20,32,35,35,24,35,24,32,28,43,23,45,32,19,42,37,35,25,35,34,41,33,30,41,33,409,39,42,43,33,43,45,39,61,175,90,44,45,34,19,56,90,21,219,43,60,52,79,24,81,26,26,37,40,24,24,85,31,35,97,24,35,81,61,29,20,41,82,73,22,100,29,81,19,25,21,132,21,73,35,27,33,133,647,140,87,42,21,18,56,20,50,73,16,26,30,17
27,46,60,11,41,60,46,85,21,44,35,43,44,33,13,64,114,59,125,130,85,15,53,19,27,35,78,49,76,112,61,69,49,79,65,27,66,49,44,76,65,78,112,71,85,72,50,46,23,87,98,98,85,45,46,96,106,44,109,20,103,46,111,19,85,82,46,57,63,125,99,85,76,65,70,349,84,128,39,574,165,94,53,154,466,159,79,33,36,158,71,174,221,81,35,32,35,94,43,97,111,37,91,39,41,75,28,42,44,117,40,45,112,38,46,91,62,41,15,49,143,96,48,110,48,144,43,56,45,163,42,90,51,63,73,164,614,184,143,64,44,38,77,40,66,94,36,47,47,40
41,67,56,11,62,56,62,117,29,43,36,59,55,50,23,60,125,66,107,112,96,26,67,30,29,60,106,55,79,117,58,70,77,105,67,30,70,44,33,101,65,79,117,82,85,57,61,67,20,88,108,117,91,38,42,115,118,54,123,29,130,47,124,28,113,91,34,77,70,110,119,91,84,69,80,128,99,128,42,165,623,100,77,200,170,148,92,37,40,150,72,159,132,94,38,34,48,119,51,115,124,59,117,55,37,95,54,49,49,106,29,36,114,31,61,118,94,37,17,47,157,87,48,134,43,127,45,57,54,173,54,103,60,54,67,173,697,199,157,80,51,41,79,45,63,109,41,57,21,43
37,62,67,8,38,67,44,99,34,52,47,61,52,31,15,67,102,60,109,115,62,18,71,27,33,58,115,39,80,122,53,66,66,115,70,33,70,34,31,112,59,71,104,79,80,62,55,61,18,93,88,81,96,42,46,105,100,44,101,31,98,34,90,25,108,74,44,66,50,92,105,96,56,51,86,77,92,107,43,94,100,601,74,100,89,108,169,37,30,92,85,94,73,176,32,39,40,113,43,118,144,44,81,45,27,56,26,42,42,140,28,38,121,49,47,81,65,54,26,54,150,88,44,135,53,119,44,42,53,212,53,92,50,48,61,216,785,234,150,65,50,30,87,50,76,92,45,40,37,40
40,37,52,10,32,49,29,71,21,37,32,52,42,24,24,49,119,57,108,116,81,24,71,20,31,43,109,57,75,114,61,71,59,109,48,30,73,31,34,106,66,83,109,59,86,46,42,62,25,92,77,68,80,34,41,69,66,30,66,30,69,39,61,21,66,59,26,53,55,55,68,79,59,60,102,38,62,69,33,53,77,74,581,77,59,52,51,38,35,62,70,74,37,55,49,44,28,56,32,73,133,50,82,46,28,74,43,26,27,131,35,46,111,46,33,82,68,50,30,43,164,71,32,126,44,120,39,44,49,164,46,85,48,46,64,167,581,172,165,76,47,44,77,36,71,85,44,63,35,30
28,53,69,8,52,68,50,117,23,44,43,57,45,40,23,80,98,71,95,103,79,26,64,23,40,50,107,50,72,101,60,73,64,108,50,40,67,43,35,104,67,80,107,72,85,57,39,48,16,88,97,95,95,29,38,116,111,45,117,28,119,27,107,30,116,78,53,65,55,114,109,95,69,72,57,100,96,143,43,154,200,100,77,605,143,152,94,45,39,154,75,137,115,88,43,38,45,118,52,104,125,51,104,43,24,68,40,45,42,128,30,37,107,36,44,104,81,42,19,42,143,73,33,138,44,129,38,48,51,159,51,91,54,51,67,161,726,185,144,69,49,38,87,32,71,90,41,41,37,38
27,50,58,15,43,57,45,79,23,47,36,52,41,29,15,57,110,55,116,122,76,17,47,22,31,34,81,51,83,107,68,76,59,81,68,31,74,47,40,79,74,86,107,56,91,64,41,40,24,87,93,100,83,41,42,104,101,49,106,26,100,43,109,17,89,78,35,52,66,120,98,82,73,66,78,413,81,142,45,466,170,89,59,143,574,155,80,27,30,169,72,185,211,78,40,23,40,96,39,99,100,34,99,40,39,75,26,39,40,99,41,46,116,40,52,99,68,43,14,49,133,84,47,112,42,128,46,52,44,165,41,87,53,60,70,166,648,175,133,56,43,42,88,35,75,90,38,46,51,38
32,58,47,8,39,47,40,109,33,61,28,60,53,34,20,70,110,67,91,101,85,22,76,25,23,48,94,53,97,110,69,79,50,95,60,25,80,42,42,91,72,90,108,76,91,58,55,58,30,66,113,115,103,32,41,93,106,34,109,38,112,37,113,30,104,91,49,70,70,114,107,103,74,84,84,112,96,138,39,159,148,108,52,152,155,590,101,42,35,143,78,144,118,98,35,35,39,109,51,102,127,55,94,30,29,83,39,55,53,107,30,38,124,38,49,94,67,40,22,45,131,91,45,114,51,126,34,55,49,207,48,96,52,53,69,208,948,230,133,68,49,49,84,30,75,93,43,47,38,36
27,53,68,9,32,68,34,98,23,34,44,55,54,26,21,62,103,56,79,88,60,21,62,25,41,43,94,44,64,112,52,69,54,96,64,41,76,49,37,93,62,78,98,74,84,63,63,76,15,85,91,95,90,46,46,106,91,44,92,32,77,45,100,28,101,76,46,67,56,89,100,89,74,79,80,64,107,104,61,79,92,169,51,94,80,101,595,48,40,80,84,76,63,550,46,38,55,97,39,97,119,44,83,53,26,71,30,42,42,139,25,38,106,37,53,83,67,40,20,61,145,84,34,141,50,116,49,45,49,172,50,98,44,50,65,175,622,188,148,61,48,58,86,39,70,101,38,44,40,35
24,47,48,13,22,48,20,59,11,16,30,39,19,16,12,36,81,46,72,79,51,13,28,20,19,32,73,41,45,74,34,43,34,73,52,20,42,20,27,73,36,48,86,32,53,30,37,35,19,61,44,48,41,26,29,46,33,16,33,24,34,24,40,8,42,35,28,40,39,34,42,42,23,41,38,16,50,41,175,33,37,37,38,45,27,42,48,378,84,36,41,34,24,45,76,20,143,48,56,47,80,23,73,24,33,48,29,25,26,87,17,20,82,32,37,73,52,37,22,39,84,62,16,97,20,87,21,29,30,99,27,55,32,38,49,99,453,101,87,43,30,27,49,24,45,56,24,24,32,18
17,41,28,13,17,28,17,78,16,23,23,37,31,15,21,24,84,39,76,82,44,23,37,15,19,39,74,38,42,78,34,34,34,75,46,20,41,39,30,74,34,41,87,48,45,37,32,44,15,65,39,40,34,34,25,40,36,27,36,32,48,30,40,20,51,28,27,38,41,31,47,35,38,36,30,20,52,28,90,36,40,30,35,39,30,35,40,84,391,36,60,32,34,45,109,30,76,29,83,51,80,31,75,31,20,42,32,27,27,77,12,17,80,25,47,75,54,30,9,30,91,66,27,76,37,68,43,30,36,146,33,79,21,39,46,146,408,162,94,38,34,25,62,15,57,80,29,37,19,37
26,54,57,13,40,56,40,97,28,46,36,57,55,33,14,49,102,53,94,107,71,17,65,25,29,51,92,48,87,108,55,64,60,93,77,30,64,50,40,89,62,76,114,53,81,53,43,72,22,80,88,92,80,40,42,103,111,34,115,39,105,35,113,26,83,73,44,73,67,109,99,80,80,62,67,124,86,165,44,158,150,92,62,154,169,143,80,36,36,598,64,250,134,76,35,39,32,90,39,88,107,27,106,40,30,78,30,37,36,112,38,45,110,41,52,106,76,43,26,36,130,77,36,121,44,129,29,34,57,161,55,105,39,54,62,162,576,181,130,53,58,32,84,35,66,107,42,43,38,41
33,62,58,6,47,57,46,122,23,34,42,73,37,41,22,52,117,79,115,125,57,24,75,21,37,50,101,58,81,135,55,66,66,102,76,35,67,46,47,96,58,70,136,89,72,70,67,59,14,94,75,71,70,27,43,82,82,38,83,45,70,37,73,20,88,59,24,58,58,60,75,69,78,57,74,52,85,78,45,71,72,85,70,75,72,78,84,41,60,64,621,76,49,89,50,25,48,90,45,87,127,57,133,48,39,83,44,47,45,130,39,55,120,36,64,133,104,37,26,54,162,93,41,132,68,114,43,44,70,267,69,116,41,54,71,268,683,303,163,59,67,51,97,47,88,116,49,60,46,50
27,54,69,8,33,69,31,115,29,52,48,50,58,23,13,56,91,57,115,122,74,17,63,24,27,51,103,55,76,113,66,69,44,104,87,28,75,50,44,97,72,85,101,65,92,55,57,67,25,89,107,90,99,44,50,107,112,36,116,31,115,40,110,31,84,83,40,80,69,108,102,99,82,59,75,146,87,155,34,174,159,94,74,137,185,144,76,34,32,250,76,585,146,79,50,37,30,112,30,97,115,42,88,42,34,83,47,39,38,129,42,53,118,48,44,88,62,51,17,49,154,101,45,136,37,121,34,52,45,171,46,105,54,51,63,171,654,195,154,72,45,49,72,37,61,109,50,42,43,45
18,35,47,7,32,47,35,72,13,29,28,35,31,27,12,44,71,49,87,89,53,14,35,16,21,40,65,30,46,73,37,41,47,66,51,22,47,37,26,64,40,58,71,52,64,41,40,43,18,78,74,78,78,28,26,66,91,43,92,22,84,26,75,18,62,66,29,58,51,84,75,78,66,41,43,194,78,127,19,221,132,73,37,115,211,118,63,24,34,134,49,146,389,66,25,19,25,70,35,81,86,23,65,27,25,50,31,31,32,84,23,26,77,28,29,65,43,29,8,27,109,73,40,85,28,91,32,41,28,118,26,70,31,37,41,120,363,135,109,58,28,24,55,19,42,70,30,36,33,35
25,59,73,11,33,73,35,99,24,35,48,66,52,27,20,58,105,56,85,94,69,20,63,24,40,47,94,47,62,116,53,71,63,96,66,40,73,47,33,93,64,76,110,75,83,67,70,76,15,79,97,95,91,45,49,103,90,44,91,33,83,45,106,26,109,80,43,69,53,88,96,90,71,75,83,65,110,107,56,81,94,176,55,88,78,98,550,45,45,76,89,79,66,601,45,39,50,98,39,99,117,48,91,52,32,69,34,47,47,148,25,38,115,42,46,91,74,45,19,62,138,87,35,150,58,116,46,44,49,182,50,100,46,56,73,185,631,194,141,63,48,52,89,39,70,102,40,43,40,35
18,36,35,5,28,35,25,60,25,35,25,40,39,23,11,28,74,47,63,68,46,11,33,27,12,41,60,25,59,77,35,37,26,60,53,13,38,26,23,60,41,38,90,40,43,41,30,34,19,56,43,43,43,30,25,52,39,18,39,33,43,21,33,8,44,36,16,30,43,33,49,42,41,36,33,23,45,37,90,35,38,32,49,43,40,35,46,76,109,35,50,50,25,45,390,20,76,48,79,48,86,26,57,21,30,51,36,37,37,82,28,36,92,32,41,57,43,34,13,32,105,59,23,83,40,77,28,30,23,117,21,66,35,37,49,121,454,125,108,48,24,28,65,25,61,66,21,42,27,31
23,27,35,6,19,35,19,57,12,23,21,25,38,16,10,34,69,26,54,55,27,10,37,16,19,28,54,24,29,65,37,47,32,54,22,19,43,23,24,53,41,43,66,34,44,27,18,31,10,57,39,37,29,108,14,37,23,26,23,19,27,50,28,13,33,33,98,24,41,35,38,28,27,31,35,17,29,35,21,32,34,39,44,38,23,35,38,20,30,39,25,37,19,39,20,331,16,33,17,34,65,22,55,18,18,38,23,26,26,71,21,27,67,25,25,56,45,27,13,26,104,54,26,71,26,61,21,16,27,132,26,52,22,35,42,132,511,145,105,44,26,18,42,23,34,54,20,24,24,23
24,32,34,10,15,33,15,54,14,19,23,34,23,10,14,36,85,41,61,64,33,16,34,12,13,30,64,27,44,59,26,38,31,65,42,14,39,12,30,64,36,44,72,28,46,38,38,30,14,54,43,49,35,23,27,33,39,23,39,21,35,29,40,25,41,37,19,31,32,36,32,34,35,37,24,30,34,36,219,35,48,40,28,45,40,39,55,143,76,32,48,30,25,50,76,16,342,48,50,48,68,20,72,25,24,34,28,27,27,84,23,26,81,24,34,72,54,29,14,34,66,59,15,66,30,55,26,26,19,116,19,50,25,28,32,116,397,120,69,37,19,24,52,16,46,51,13,20,27,14
40,56,70,4,44,68,40,80,30,53,44,58,48,32,21,75,96,78,95,110,62,23,64,37,32,39,106,41,83,118,50,62,68,106,55,33,70,48,34,104,57,76,103,64,82,56,40,65,19,88,196,118,118,30,42,119,81,52,83,32,116,42,104,26,199,171,52,79,58,105,96,115,79,60,92,67,130,105,43,94,119,113,56,118,96,109,97,48,29,90,90,112,70,98,48,33,48,635,45,198,119,50,100,49,36,77,50,34,33,145,39,40,107,44,49,101,87,47,25,38,156,79,58,107,42,129,46,31,57,200,57,96,50,53,64,204,654,206,156,80,55,39,105,39,91,93,41,37,36,54
21,35,43,4,26,43,25,68,19,32,31,29,33,22,12,31,74,45,48,53,57,14,37,13,19,41,62,26,45,74,33,45,36,63,45,20,45,25,25,61,37,51,92,46,56,42,31,50,11,75,30,36,46,18,35,47,43,23,44,18,46,29,36,11,48,24,18,36,39,37,46,45,37,43,30,28,41,34,60,43,51,43,32,52,39,51,39,56,83,39,45,30,35,39,79,17,50,45,366,34,81,31,79,22,21,42,20,24,25,71,21,26,87,17,29,79,56,19,15,28,68,50,29,81,36,96,17,33,19,113,19,67,28,27,34,114,358,131,70,28,19,24,55,16,49,68,22,36,28,31
33,63,62,9,52,60,50,92,30,42,39,60,45,45,15,72,119,59,91,101,75,16,76,28,43,39,113,48,69,125,51,67,51,112,54,46,72,36,41,112,58,78,110,70,87,44,60,70,24,87,186,107,113,28,37,108,96,48,97,35,109,44,102,41,200,167,32,79,71,103,109,113,85,65,87,79,102,119,52,97,115,118,73,104,99,102,97,47,51,88,87,97,81,99,48,34,48,198,34,623,114,38,90,41,29,79,33,43,43,137,30,39,130,48,32,91,77,51,20,51,137,85,36,127,49,128,40,30,52,189,51,94,46,55,68,191,623,217,137,59,48,56,89,50,72,91,33,37,35,39
67,140,116,18,99,113,101,180,71,99,71,138,103,85,44,112,217,114,206,233,124,47,128,48,57,102,167,68,153,244,125,158,93,168,111,62,151,70,79,163,138,168,230,138,176,119,107,118,32,172,118,91,122,64,73,117,116,74,116,61,107,81,100,48,113,91,63,107,110,114,112,122,126,102,131,77,125,113,79,111,124,144,133,125,100,127,119,80,80,107,127,115,86,117,86,65,68,119,81,114,1322,75,199,76,75,153,88,84,84,273,83,108,229,87,93,200,150,96,51,124,341,164,86,309,96,242,88,101,96,407,93,222,96,125,159,411,1530,458,340,158,90,94,192,92,167,220,84,83,83,73
16,50,46,3,20,44,19,63,21,29,32,58,42,14,14,36,81,51,48,61,59,14,55,10,17,37,78,31,55,85,47,62,38,82,38,17,50,28,20,74,51,54,58,72,55,58,43,54,12,61,35,50,49,22,29,50,42,19,42,40,46,30,38,5,41,23,18,36,41,35,40,48,33,37,55,22,41,49,24,37,59,44,50,51,34,55,44,23,31,27,57,42,23,48,26,22,20,50,31,38,75,405,74,25,19,79,31,28,28,90,13,17,74,26,42,74,56,25,14,39,86,67,30,95,42,85,38,39,43,140,43,80,24,25,34,142,394,159,87,38,44,36,69,26,57,79,16,35,25,24
47,78,73,15,67,72,68,144,54,85,47,66,90,61,30,74,181,86,164,179,111,37,94,39,50,84,156,84,109,183,90,117,72,157,100,51,124,62,68,153,111,134,193,98,142,109,89,103,42,145,70,93,97,51,46,100,100,71,100,52,94,68,80,37,88,57,45,86,106,89,114,94,85,79,97,74,99,97,81,91,117,81,82,104,99,94,83,73,75,106,133,88,65,91,57,55,72,100,79,90,199,74,1054,59,69,97,69,53,52,170,62,77,180,80,82,1054,769,85,29,66,279,163,69,231,70,252,57,62,82,346,81,152,84,89,119,353,1343,387,278,110,83,60,179,62,159,154,62,68,77,84
25,50,54,4,35,54,38,82,18,30,34,51,35,27,9,41,71,43,71,78,42,10,51,15,24,34,92,44,54,82,43,59,57,92,37,23,66,41,31,88,53,68,79,53,73,50,34,59,10,55,38,30,40,20,18,52,43,26,43,35,46,26,42,23,50,27,21,48,32,46,60,40,42,27,36,34,36,49,26,39,55,45,46,43,40,30,53,24,31,40,48,42,27,52,21,18,25,49,22,41,76,25,59,393,29,49,26,38,38,73,20,25,68,24,42,59,46,26,9,37,111,60,30,103,54,72,39,38,36,136,36,84,25,28,31,138,512,159,112,35,37,39,76,28,65,79,27,48,23,28
23,37,38,7,29,33,29,64,12,26,17,37,22,25,10,34,54,23,75,79,32,10,32,10,15,34,56,26,40,62,39,49,33,56,52,16,55,26,20,54,48,53,71,34,60,41,28,48,19,60,43,39,25,17,17,40,35,25,35,23,33,21,29,15,34,34,20,44,34,26,36,24,34,28,33,33,34,39,26,41,37,27,28,24,39,29,26,33,20,30,39,34,25,32,30,18,24,36,21,29,75,19,69,29,360,31,25,24,23,74,19,24,84,20,36,69,54,20,10,44,94,62,30,106,31,72,25,33,23,144,23,80,28,44,53,146,465,169,95,40,22,30,56,23,47,78,22,35,20,25
43,86,73,13,60,72,57,101,33,55,51,74,60,49,17,66,130,94,119,132,112,18,112,27,30,52,122,75,107,135,90,99,94,122,97,31,98,66,32,118,93,114,131,95,121,73,73,112,28,129,74,74,75,47,53,65,83,44,83,59,77,47,67,27,68,56,43,60,69,73,64,73,80,62,86,51,75,54,37,75,95,56,74,68,75,83,71,48,42,78,83,83,50,69,51,38,34,77,42,79,153,79,97,49,31,731,28,62,62,135,39,52,131,51,65,97,71,56,30,54,156,111,42,151,86,141,63,69,54,173,50,144,50,50,60,176,746,191,157,68,54,52,76,71,68,149,37,69,42,58
19,21,22,3,31,22,31,66,15,20,11,24,29,29,16,22,60,31,68,73,37,20,31,17,21,30,62,20,47,72,27,36,21,62,30,26,39,17,29,61,33,44,80,25,47,38,33,37,9,48,36,33,41,21,18,32,41,26,41,21,42,26,37,18,31,25,12,23,40,34,35,41,31,36,40,17,41,36,40,28,54,26,43,40,26,39,30,29,32,30,44,47,31,34,36,23,28,50,20,33,88,31,69,26,25,28,406,26,26,89,24,28,76,25,16,69,48,27,11,31,113,66,23,88,17,85,11,22,26,137,26,91,76,39,50,139,527,156,114,54,26,26,58,12,54,90,27,25,31,22
28,38,36,4,44,36,49,70,17,26,21,46,27,38,9,31,79,56,76,81,62,12,50,16,27,44,67,30,49,100,50,52,42,67,40,28,55,35,18,62,47,60,76,54,62,60,36,49,22,72,33,33,37,30,24,41,35,28,34,30,25,20,42,24,33,26,25,38,35,43,36,37,42,35,34,28,34,50,24,42,49,42,26,45,39,55,42,25,27,37,47,39,31,47,37,26,27,34,24,43,84,28,53,38,24,62,26,414,402,74,19,28,73,30,47,53,39,31,14,35,115,66,31,93,55,69,27,39,45,116,42,81,29,57,69,116,437,135,116,53,45,41,60,42,55,78,26,46,22,30
28,38,36,4,44,36,48,69,17,26,21,45,27,38,9,31,81,56,76,81,59,12,49,16,26,43,64,28,49,99,47,48,41,64,40,27,52,32,18,60,45,57,77,53,59,60,36,46,22,72,31,33,37,30,25,39,35,28,34,30,25,19,42,24,32,24,25,38,33,44,36,37,41,35,33,29,33,49,24,44,49,42,27,42,40,53,42,26,27,36,45,38,32,47,37,26,27,33,25,43,84,28,52,38,23,62,26,402,403,73,18,26,72,29,47,52,38,30,13,35,109,65,31,92,55,67,27,38,44,111,41,79,30,55,67,111,424,128,110,48,44,40,56,43,51,77,26,46,22,30
67,111,107,14,92,100,91,209,52,96,72,124,99,82,31,117,205,103,207,223,142,35,132,36,65,103,225,89,139,263,118,147,91,225,137,65,153,73,91,219,131,160,236,144,170,110,97,100,39,167,126,98,120,64,56,127,126,67,127,58,125,83,124,43,127,104,62,105,91,124,113,120,120,86,158,74,135,95,85,117,106,140,131,128,99,107,139,87,77,112,130,129,84,148,82,71,84,145,71,137,273,90,170,73,74,135,89,74,73,1386,69,89,336,73,82,170,122,73,38,106,331,157,70,291,103,245,63,73,82,386,80,227,116,107,127,392,1506,426,333,142,79,76,174,75,147,227,56,111,80,84
20,26,19,5,24,18,26,45,11,19,8,30,22,22,14,33,67,34,65,72,26,15,49,20,22,22,35,31,44,63,22,22,26,35,34,23,32,16,22,33,23,37,58,39,38,28,33,31,26,48,38,40,47,19,24,37,35,23,35,11,25,18,30,12,34,26,19,35,44,23,28,43,39,30,33,31,40,32,31,40,29,28,35,30,41,30,25,17,12,38,39,42,23,25,28,21,23,39,21,30,83,13,62,20,19,39,24,19,18,69,334,339,61,23,23,62,55,25,13,31,103,39,19,61,18,63,7,23,21,88,20,51,29,35,42,88,415,100,103,37,21,13,47,15,35,50,26,24,18,28
25,34,27,6,35,26,39,59,16,26,13,37,28,33,18,42,81,42,77,87,42,19,62,24,32,28,47,36,59,85,33,33,27,47,49,32,45,20,26,45,34,50,84,49,51,38,45,34,31,65,53,46,59,25,30,47,44,28,44,17,31,26,39,15,38,39,23,43,50,28,36,55,53,41,39,35,44,43,35,45,36,38,46,37,46,38,38,20,17,45,55,53,26,38,36,27,26,40,26,39,108,17,77,25,24,52,28,28,26,89,339,428,80,28,30,77,67,31,15,35,125,54,25,88,23,84,14,33,25,110,24,65,33,37,49,110,548,130,126,42,25,19,58,17,44,64,36,32,24,37
81,124,104,29,94,102,91,190,49,79,70,139,86,83,31,123,216,103,194,206,114,35,102,41,61,99,184,87,139,210,102,126,116,188,125,62,127,65,85,182,116,135,230,132,142,133,97,130,36,193,115,119,108,61,70,146,116,80,118,60,112,78,103,48,98,100,58,88,99,118,124,107,135,93,132,79,115,109,97,112,114,121,111,107,116,124,106,82,80,110,120,118,77,115,92,67,81,107,87,130,229,74,180,68,84,131,76,73,72,336,61,80,1313,79,99,180,141,82,57,95,251,184,85,283,109,239,66,82,81,411,78,198,75,110,139,412,1436,468,255,107,76,66,174,61,161,199,66,90,74,90
23,36,23,11,24,23,24,83,20,30,16,29,36,19,13,23,78,32,61,67,39,16,47,17,23,36,69,24,61,86,39,53,36,70,42,23,47,31,31,66,47,47,84,34,48,43,28,40,14,68,42,46,42,17,28,50,25,35,25,21,47,35,43,19,41,31,26,40,43,47,48,41,43,24,43,27,41,51,24,38,31,49,46,36,40,38,37,32,25,41,36,48,28,42,32,25,24,44,17,48,87,26,80,24,20,51,25,30,29,73,23,28,79,385,24,80,56,386,8,38,95,61,25,96,31,105,21,26,23,114,23,63,33,35,45,115,486,128,95,52,23,29,37,26,34,66,28,23,35,29
25,51,37,7,29,36,28,95,18,34,23,41,36,22,15,44,85,58,69,77,61,20,60,13,18,47,87,34,58,102,66,72,51,87,67,20,75,51,27,85,64,80,93,59,83,67,38,73,9,80,36,52,39,24,22,56,46,29,46,27,33,33,46,20,36,28,26,42,48,39,39,39,40,32,41,33,52,47,35,46,61,47,33,44,52,49,53,37,47,52,64,44,29,46,41,25,34,49,29,32,93,42,82,42,36,65,16,47,47,82,23,30,99,24,458,82,61,26,14,44,113,69,37,93,52,103,45,49,41,166,40,84,41,36,44,167,459,173,114,50,42,41,76,38,67,83,40,48,29,51
47,78,73,15,67,72,68,146,54,85,47,66,90,61,30,74,181,86,164,179,111,37,96,39,50,84,157,84,110,183,90,117,72,158,100,51,124,62,69,154,111,134,194,98,142,109,89,103,43,145,70,94,97,51,46,101,100,73,100,52,94,68,80,37,89,57,45,86,106,89,115,94,86,79,97,74,99,97,81,91,118,81,82,104,99,94,83,73,75,106,133,88,65,91,57,56,72,101,79,91,200,74,1054,59,69,97,69,53,52,170,62,77,180,80,82,1058,769,85,29,66,280,164,69,232,70,252,57,62,82,346,81,152,84,89,119,353,1343,387,279,110,83,60,179,62,159,154,63,68,77,84
32,57,54,10,45,53,45,108,45,67,35,44,69,41,23,65,145,59,111,121,81,27,67,32,33,63,111,65,82,146,69,92,53,111,73,34,97,45,51,108,86,105,138,80,111,78,68,79,29,118,48,70,72,41,32,80,68,49,68,39,79,48,61,25,67,40,36,75,81,70,86,69,65,56,71,50,80,78,61,62,94,65,68,81,68,67,67,52,54,76,104,62,43,74,43,45,54,87,56,77,150,56,769,46,54,71,48,39,38,122,55,67,141,56,61,769,743,60,24,50,206,122,55,165,52,203,41,45,57,270,56,110,64,69,92,276,984,303,205,82,57,44,139,48,122,112,44,51,51,64
23,36,25,14,27,24,27,88,21,34,16,30,37,21,15,25,88,34,68,75,40,18,49,19,25,37,74,25,61,91,41,55,37,75,45,25,49,32,37,71,49,49,86,43,51,44,29,39,14,75,44,48,49,19,29,53,31,38,31,22,50,36,44,19,44,33,30,42,47,51,52,48,49,26,51,28,50,56,29,41,37,54,50,42,43,40,40,37,30,43,37,51,29,45,34,27,29,47,19,51,96,25,85,26,20,56,27,31,30,73,25,31,82,386,26,85,60,431,8,37,106,69,27,101,31,111,24,28,26,127,26,65,36,40,50,128,545,146,107,56,26,30,44,29,40,68,30,24,42,31
14,17,14,4,19,13,18,27,15,20,5,17,18,16,9,17,37,21,34,34,15,11,12,14,8,13,36,12,17,31,24,23,16,37,21,9,25,10,13,36,23,29,30,29,30,26,17,25,7,34,21,26,19,12,14,17,21,6,21,12,14,7,17,7,19,16,11,29,15,12,24,19,15,19,24,10,20,20,20,15,17,26,30,19,14,22,20,22,9,26,26,17,8,19,13,13,14,25,15,20,51,14,29,9,10,30,11,14,13,38,13,15,57,8,14,29,24,8,188,14,48,21,15,48,17,46,11,16,5,64,5,34,12,16,20,64,214,66,48,21,5,17,39,10,35,33,23,16,18,13
25,69,51,10,45,50,47,83,23,50,37,68,55,42,15,56,102,51,115,121,59,18,77,19,41,49,103,63,63,116,58,78,57,103,69,42,76,41,29,101,68,88,95,63,94,73,48,62,22,71,40,43,41,30,27,35,44,32,44,24,42,35,65,22,37,26,34,44,34,32,41,41,37,40,64,35,49,54,41,49,47,54,43,42,49,45,61,39,30,36,54,49,27,62,32,26,34,38,28,51,124,39,66,37,44,54,31,35,35,106,31,35,95,38,44,66,50,37,14,520,145,87,33,604,40,103,48,53,39,181,37,123,49,48,61,184,752,202,148,61,38,54,85,45,74,122,22,63,39,34
92,121,124,20,129,121,128,235,65,115,76,128,136,107,61,129,260,106,267,288,192,63,143,77,87,111,237,113,170,312,165,214,98,241,132,89,234,85,89,227,185,248,262,157,265,123,108,161,54,228,144,172,163,93,79,160,161,102,160,52,158,98,159,56,127,114,108,125,154,159,129,163,144,109,152,91,137,157,82,143,157,150,164,143,133,131,145,84,91,130,162,154,109,138,105,104,66,156,68,137,341,86,279,111,94,156,113,115,109,331,103,125,251,95,113,280,206,106,48,145,1970,294,121,391,109,326,79,100,123,571,115,313,151,151,192,584,2537,619,1971,744,116,94,314,89,273,311,102,138,146,103
74,86,90,20,65,86,65,148,24,62,51,103,60,59,31,82,150,88,166,180,124,35,89,34,51,79,135,66,103,184,120,148,84,135,76,50,155,67,63,131,132,173,172,106,188,115,73,110,39,135,94,94,75,54,44,75,99,67,99,54,92,55,91,33,85,67,57,79,80,107,56,76,87,71,109,63,84,96,73,96,87,88,71,73,84,91,84,62,66,77,93,101,73,87,59,54,59,79,50,85,164,67,163,60,62,111,66,66,65,157,39,54,184,61,69,164,122,69,21,87,294,1140,54,247,67,204,50,72,72,366,70,197,86,72,90,372,1453,406,296,93,70,47,160,41,146,200,65,106,86,73
33,41,46,7,35,45,34,80,16,35,26,43,32,31,15,34,83,42,71,76,37,21,57,19,14,29,76,30,51,71,51,53,43,77,41,14,57,30,27,74,49,61,82,49,63,40,44,32,13,60,49,38,35,35,18,48,29,28,29,21,46,25,29,15,38,37,22,44,47,38,43,35,28,28,56,37,51,41,22,48,48,44,32,33,47,45,34,16,27,36,41,45,40,35,23,26,15,58,29,36,86,30,69,30,30,42,23,31,31,70,19,25,85,25,37,69,55,27,15,33,121,54,410,109,40,70,38,23,27,135,27,74,27,33,47,140,459,161,122,42,27,28,55,27,49,72,36,29,33,31
67,165,121,27,123,117,129,230,61,117,90,176,123,112,40,144,255,128,252,269,129,47,164,44,81,130,269,130,162,294,162,213,131,271,158,82,204,103,77,262,188,231,239,168,240,188,113,157,47,199,117,116,116,76,79,151,135,84,137,68,119,84,149,59,120,88,84,110,110,123,124,116,106,109,145,84,137,134,100,110,134,135,126,138,112,114,141,97,76,121,132,136,85,150,83,71,66,107,81,127,309,95,231,103,106,151,88,93,92,291,61,88,283,96,93,232,165,101,48,604,391,247,109,1759,96,239,105,123,106,491,101,340,116,132,169,497,2081,545,397,133,102,121,236,91,203,331,89,132,116,98
32,61,49,6,44,47,44,90,20,29,38,55,43,34,14,49,97,58,79,89,81,17,76,10,30,38,75,40,69,104,58,64,55,78,57,30,64,32,37,72,59,69,115,72,71,51,46,64,18,76,43,44,52,23,25,52,40,27,40,47,47,33,32,25,56,37,36,45,35,47,52,53,43,37,45,30,49,49,29,48,43,53,44,44,42,51,50,20,37,44,68,37,28,58,40,26,30,42,36,49,96,42,70,54,31,86,17,55,55,103,18,23,109,31,52,70,52,31,17,40,109,67,40,96,423,89,59,46,41,156,41,106,24,25,31,157,586,171,112,39,44,40,64,44,52,105,41,44,34,31
57,121,103,20,85,99,92,218,62,93,68,113,99,78,31,113,207,135,198,219,124,36,121,51,51,97,188,76,133,249,118,150,115,189,117,55,154,78,77,180,130,166,216,118,179,100,91,118,39,185,107,124,109,75,66,116,117,72,118,70,111,67,103,37,126,92,72,95,129,148,111,106,105,105,119,91,130,122,81,144,127,119,120,129,128,126,116,87,68,129,114,121,91,116,77,61,55,129,96,128,242,85,252,72,72,141,85,69,67,245,63,84,239,105,103,252,203,111,46,103,326,204,70,239,89,1461,67,99,100,368,96,213,110,102,125,372,1437,432,327,120,96,73,176,76,151,209,82,99,80,75
16,44,52,6,24,50,23,74,14,30,32,46,38,18,10,38,73,48,51,52,59,10,50,6,29,36,76,42,52,104,45,52,48,77,45,30,56,30,25,72,52,56,87,66,58,54,41,41,13,58,45,30,45,26,28,48,36,21,36,36,46,31,31,19,42,38,9,34,37,30,41,45,42,22,41,27,56,31,19,43,45,44,39,38,46,34,49,21,43,29,43,34,32,46,28,21,26,46,17,40,88,38,57,39,25,63,11,27,27,63,7,14,66,21,45,57,41,24,11,48,79,50,38,105,59,67,368,40,34,95,33,64,26,35,45,94,251,104,80,32,34,52,43,34,37,65,14,34,27,29
43,54,41,13,40,40,41,82,20,38,25,49,42,37,8,42,78,71,70,81,56,14,50,10,24,38,70,46,75,77,58,69,47,71,44,25,61,30,16,67,58,65,86,67,69,49,39,46,23,57,37,49,51,19,27,48,39,30,39,26,43,28,43,14,43,25,24,59,32,32,48,51,60,37,46,37,45,47,25,56,57,42,44,48,52,55,45,29,30,34,44,52,41,44,30,16,26,31,33,30,101,39,62,38,33,69,22,39,38,73,23,33,82,26,49,62,45,28,16,53,100,72,23,123,46,99,40,435,46,146,46,86,30,41,51,147,449,158,103,39,46,49,69,49,59,87,28,30,32,37
31,52,55,11,25,55,27,73,25,36,33,52,44,20,20,48,91,38,87,100,52,24,50,18,30,37,63,49,43,71,55,66,48,64,40,31,70,42,33,62,61,73,96,55,78,59,37,58,15,79,34,48,42,33,20,49,45,31,46,29,37,26,46,26,58,26,27,39,36,39,41,42,64,47,39,28,43,55,21,45,54,53,49,51,44,49,49,30,36,57,70,45,28,49,23,27,19,57,19,52,96,43,82,36,23,54,26,45,44,82,21,25,81,23,41,82,57,26,5,39,123,72,27,106,41,100,34,46,487,134,467,80,38,33,43,135,462,148,124,45,466,45,55,42,49,82,39,36,28,33
119,195,165,34,112,162,113,393,76,140,98,181,136,98,71,194,402,192,290,313,165,75,161,67,97,190,335,131,219,430,228,270,159,337,164,104,290,134,164,324,252,310,404,193,333,216,166,220,48,245,212,170,173,126,80,186,165,135,165,111,169,114,161,75,213,145,87,181,194,181,192,173,157,123,200,111,182,179,132,163,173,212,164,159,165,207,172,99,146,161,267,171,118,182,117,132,116,200,113,189,407,140,346,136,144,173,137,116,111,386,88,110,411,114,166,346,270,127,64,181,571,366,135,491,156,368,95,146,134,3686,128,431,162,187,243,3693,7281,3708,575,199,134,132,1301,103,1117,427,161,173,164,106
29,47,54,11,24,54,26,70,24,34,32,50,42,19,20,47,88,37,83,95,49,24,50,18,29,36,61,48,43,66,54,65,47,62,39,30,69,40,32,60,60,71,95,55,75,59,36,56,14,76,33,49,42,30,19,49,44,29,45,28,37,25,46,24,56,25,26,39,36,36,39,42,60,45,37,24,43,53,21,42,54,53,46,51,41,48,50,27,33,55,69,46,26,50,21,26,19,57,19,51,93,43,81,36,23,50,26,42,41,80,20,24,78,23,40,81,56,26,5,37,115,70,27,101,41,96,33,46,467,128,466,78,37,32,42,129,448,142,116,39,446,43,52,41,47,80,38,35,28,31
58,120,109,19,99,102,100,193,40,82,71,112,94,87,34,94,184,106,164,185,108,37,110,35,46,96,177,83,126,193,139,165,141,179,136,50,172,71,76,176,153,181,193,116,194,111,94,112,39,152,101,102,102,61,44,86,112,64,113,55,106,61,83,42,84,78,57,100,97,91,80,101,80,94,118,53,93,98,73,90,103,92,85,91,87,96,98,55,79,105,116,105,70,100,66,52,50,96,67,94,222,80,152,84,80,144,91,81,79,227,51,65,198,63,84,152,110,65,34,123,313,197,74,340,106,213,64,86,80,431,78,1305,98,98,122,434,2798,507,319,111,79,64,202,71,185,1274,74,96,76,74
21,40,34,2,42,34,42,71,21,33,20,42,44,38,11,47,77,36,75,78,65,13,42,16,26,44,86,41,60,94,47,61,32,87,47,26,56,27,31,84,53,68,100,56,74,42,27,45,16,85,34,42,40,30,19,45,42,27,42,21,47,30,45,14,47,28,28,53,48,59,34,40,34,40,50,38,48,45,35,51,60,50,48,54,53,52,44,32,21,39,41,54,31,46,35,22,25,50,28,46,96,24,84,25,28,50,76,29,30,116,29,33,75,33,41,84,64,36,12,49,151,86,27,116,24,110,26,30,38,162,37,98,514,57,68,166,692,168,154,47,38,28,78,23,74,100,23,45,58,31
27,41,36,6,29,35,28,90,26,41,26,41,39,25,18,48,93,32,93,104,51,20,33,16,17,42,54,47,50,101,33,49,35,53,35,20,43,28,34,51,39,46,98,47,54,42,51,49,23,80,47,55,56,34,38,61,58,29,58,22,51,32,57,13,63,41,32,35,57,62,58,56,54,31,58,45,52,60,27,63,54,48,46,51,60,53,50,38,39,54,54,51,37,56,37,35,28,53,27,55,125,25,89,28,44,50,39,57,55,107,35,37,110,35,36,89,69,40,16,48,151,72,33,132,25,102,35,41,33,187,32,98,57,632,646,189,569,200,152,67,32,20,85,35,76,102,41,42,37,36
36,52,51,10,43,50,42,115,34,51,41,55,53,39,23,58,120,44,116,131,64,26,45,18,28,51,74,52,61,125,40,59,43,73,41,31,54,36,42,71,48,58,138,56,67,60,72,60,31,98,64,70,69,45,52,75,65,33,65,30,63,40,71,19,77,56,37,54,68,71,72,69,67,41,72,53,64,65,33,73,67,61,64,67,70,69,65,49,46,62,71,63,41,73,49,42,32,64,34,68,159,34,119,31,53,60,50,69,67,127,42,49,139,45,44,119,92,50,20,61,192,90,47,169,31,125,45,51,43,243,42,122,68,646,803,245,744,262,194,80,43,27,112,42,103,126,51,50,52,44
122,196,162,34,113,159,114,397,76,139,96,181,138,99,72,194,403,192,293,316,170,76,164,68,97,193,341,131,221,435,227,271,160,343,164,104,289,134,166,329,251,309,406,195,334,218,165,221,49,247,212,171,174,126,80,186,166,135,166,111,170,115,162,75,214,145,88,182,197,182,192,174,158,125,204,112,184,181,133,164,173,216,167,161,166,208,175,99,146,162,268,171,120,185,121,132,116,204,114,191,411,142,353,138,146,176,139,116,111,392,88,110,412,115,167,353,276,128,64,184,584,372,140,497,157,372,94,147,135,3693,129,434,166,189,245,3730,7475,3713,588,200,135,134,1335,102,1151,432,164,173,167,106
343,805,707,92,473,676,480,1411,278,469,336,672,452,417,276,630,1394,566,1245,1320,763,297,562,316,255,708,1128,529,853,1492,1356,1553,583,1132,552,285,1647,455,481,1099,1477,1736,1431,617,1866,699,647,675,313,921,671,615,586,499,309,604,737,669,743,280,680,531,610,248,587,489,426,627,731,612,595,587,589,550,931,453,634,602,647,614,697,785,581,726,648,948,622,453,408,576,683,654,363,631,454,511,397,654,358,623,1530,394,1343,512,465,746,527,437,424,1506,415,548,1436,486,459,1343,984,545,214,752,2537,1453,459,2081,586,1437,251,449,462,7281,448,2798,692,569,744,7475,72261,7637,2546,736,456,405,3602,332,3279,2784,523,746,631,340
127,211,178,40,144,169,142,434,83,153,107,212,148,125,76,212,435,222,342,371,177,80,201,72,116,202,373,141,242,485,255,306,174,375,183,124,325,153,183,362,282,346,418,226,369,233,180,252,58,287,220,178,191,145,88,210,183,144,183,125,191,128,180,81,231,153,104,210,219,193,202,191,182,141,216,119,198,199,140,184,199,234,172,185,175,230,188,101,162,181,303,195,135,194,125,145,120,206,131,217,458,159,387,159,169,191,156,135,128,426,100,130,468,128,173,387,303,146,66,202,619,406,161,545,171,432,104,158,148,3708,142,507,168,200,262,3713,7637,4074,623,224,148,145,1272,116,1083,503,181,195,179,116
94,122,125,20,132,122,131,238,66,117,76,129,138,110,61,129,264,106,268,289,193,63,145,77,89,113,238,112,173,316,167,219,100,242,133,91,237,85,90,228,188,251,264,159,268,127,108,163,54,231,144,172,163,93,79,161,162,102,161,53,158,99,159,56,128,114,108,125,155,160,130,163,146,109,153,91,139,158,87,143,157,150,165,144,133,133,148,87,94,130,163,154,109,141,108,105,69,156,70,137,340,87,278,112,95,157,114,116,110,333,103,126,255,95,114,279,205,107,48,148,1971,296,122,397,112,327,80,103,124,575,116,319,154,152,194,588,2546,623,1988,746,117,95,318,90,277,317,102,142,148,104
47,36,42,6,51,41,50,95,28,46,27,48,64,44,29,51,107,52,129,141,76,29,46,23,36,52,98,36,87,130,46,55,57,101,63,37,68,37,36,97,53,69,101,54,70,46,46,50,26,91,63,75,82,45,37,76,60,36,59,25,69,35,74,25,63,51,41,51,58,73,64,81,75,49,65,36,71,81,42,64,80,65,76,69,56,68,61,43,38,53,59,72,58,63,48,44,37,80,28,59,158,38,110,35,40,68,54,53,48,142,37,42,107,52,50,110,82,56,21,61,744,93,42,133,39,120,32,39,45,199,39,111,47,67,80,200,736,224,746,657,40,43,102,41,92,113,35,53,53,31
30,53,52,12,25,52,27,75,24,35,31,53,43,20,19,44,89,38,86,100,51,23,48,17,29,37,62,49,43,72,57,67,47,63,39,30,70,41,33,61,62,75,97,52,80,57,38,58,14,78,34,47,42,33,19,48,42,32,43,30,36,26,42,26,55,26,28,39,32,39,38,42,61,45,37,27,41,55,21,44,51,50,47,49,43,49,48,30,34,58,67,45,28,48,24,26,19,55,19,48,90,44,83,37,22,54,26,45,44,79,21,25,76,23,42,83,57,26,5,38,116,70,27,102,44,96,34,46,466,134,446,79,38,32,43,135,456,148,117,40,470,46,57,40,51,80,40,36,27,33
23,60,49,5,34,49,35,76,12,30,35,51,33,28,12,59,71,55,69,77,56,16,62,9,32,27,68,42,47,107,35,46,33,74,56,33,49,25,19,65,45,53,84,49,57,68,46,55,12,66,38,39,40,28,24,45,39,20,39,29,37,32,48,24,35,25,20,30,32,32,43,40,53,33,44,25,44,41,18,38,41,30,44,38,42,49,58,27,25,32,51,49,24,52,28,18,24,39,24,56,94,36,60,39,30,52,26,41,40,76,13,19,66,29,41,60,44,30,17,54,94,47,28,121,40,73,52,49,45,132,43,64,28,20,27,134,405,145,95,43,46,382,55,36,47,65,22,39,22,34
50,83,72,9,68,70,69,156,44,68,47,71,72,58,29,82,203,83,125,134,95,34,82,40,53,80,158,68,109,202,111,136,72,159,75,55,144,64,59,152,125,155,215,98,168,112,58,94,26,107,92,85,87,33,37,83,104,68,104,47,89,50,73,32,90,74,42,88,103,83,89,87,64,65,101,61,83,89,56,77,79,87,77,87,88,84,86,49,62,84,97,72,55,89,65,42,52,105,55,89,192,69,179,76,56,76,58,60,56,174,47,58,174,37,76,179,139,44,39,85,314,160,55,236,64,176,43,69,55,1301,52,202,78,85,112,1335,3602,1272,318,102,57,55,1114,48,982,200,80,74,77,63
22,33,44,7,40,44,36,54,16,25,31,41,35,31,13,40,83,46,69,77,49,17,53,14,30,29,74,30,50,70,45,55,47,74,37,30,52,33,25,67,48,59,76,55,61,28,29,37,10,59,30,27,43,24,26,30,45,14,45,30,34,20,31,15,45,21,16,31,24,39,40,44,31,26,26,31,47,26,20,40,45,50,36,32,35,30,39,24,15,35,47,37,19,39,25,23,16,39,16,50,92,26,62,28,23,71,12,42,43,75,15,17,61,26,38,62,48,29,10,45,89,41,27,91,44,76,34,49,42,103,41,71,23,35,42,102,332,116,90,41,40,36,48,356,41,71,27,39,23,30
46,73,61,8,59,59,61,144,39,58,39,61,63,53,25,64,170,73,111,119,84,28,74,39,43,70,136,61,90,184,97,114,68,137,57,45,120,57,48,131,105,131,192,80,144,97,43,83,23,93,76,70,72,25,29,73,87,63,87,43,79,38,61,27,79,61,35,75,96,68,79,72,57,57,87,50,74,74,50,66,63,76,71,71,75,75,70,45,57,66,88,61,42,70,61,34,46,91,49,72,167,57,159,65,47,68,54,55,51,147,35,44,161,34,67,159,122,40,35,74,273,146,49,203,52,151,37,59,49,1117,47,185,74,76,103,1151,3279,1083,277,92,51,47,982,41,966,183,73,63,69,57
57,121,111,19,98,104,99,193,42,83,73,110,94,86,32,94,177,101,163,184,107,35,108,34,45,95,176,84,121,191,138,161,139,178,140,48,168,71,75,175,149,178,192,116,191,111,93,114,38,155,102,100,103,64,44,83,110,64,111,54,104,64,85,43,86,78,57,99,99,89,81,102,77,91,118,56,94,99,73,94,109,92,85,90,90,93,101,56,80,107,116,109,70,102,66,54,51,93,68,91,220,79,154,79,78,149,90,78,77,227,50,64,199,66,83,154,112,68,33,122,311,200,72,331,105,209,65,87,82,427,80,1274,100,102,126,432,2784,503,317,113,80,65,200,71,183,1307,76,98,77,73
24,38,35,7,30,35,31,65,11,22,25,37,27,21,19,33,76,49,77,86,36,23,38,19,24,42,57,25,42,66,56,63,26,58,33,24,72,25,34,56,61,70,65,40,71,41,25,26,18,57,35,31,42,23,21,41,30,18,30,32,36,21,42,12,33,28,16,41,42,36,45,42,46,30,50,31,39,43,16,36,41,45,44,41,38,43,38,24,29,42,49,50,30,40,21,20,13,41,22,33,84,16,62,27,22,37,27,26,26,56,26,36,66,28,40,63,44,30,23,22,102,65,36,89,41,82,14,28,39,161,38,74,23,41,51,164,523,181,102,35,40,22,80,27,73,76,454,30,30,20
27,49,49,9,43,48,45,89,17,44,31,60,41,37,10,62,76,59,97,106,61,13,58,12,28,49,90,53,68,135,61,74,56,90,56,27,79,46,22,87,68,85,96,57,90,63,41,79,19,76,49,39,49,28,14,38,51,39,52,30,44,28,37,16,48,38,30,36,52,50,33,49,43,40,50,29,50,37,26,47,57,40,63,41,46,47,44,24,37,43,60,42,36,43,42,24,20,37,36,37,83,35,68,48,35,69,25,46,46,111,24,32,90,23,48,68,51,24,16,63,138,106,29,132,44,99,34,30,36,173,35,96,45,42,50,173,746,195,142,53,36,39,74,39,63,98,30,466,35,46
30,51,41,9,37,39,39,67,14,29,28,49,30,31,9,41,82,40,70,72,56,14,25,10,17,23,61,27,53,92,46,58,35,61,39,17,53,23,28,60,51,61,66,42,63,40,21,42,23,63,39,46,49,22,26,40,49,26,49,20,39,24,40,10,27,31,24,35,45,42,40,50,32,35,52,39,40,51,30,47,21,37,35,37,51,38,40,32,19,38,46,43,33,40,27,24,27,36,28,35,83,25,77,23,20,42,31,22,22,80,18,24,74,35,29,77,51,42,18,39,146,86,33,116,34,80,27,32,28,164,28,76,58,37,52,167,631,179,148,53,27,22,77,23,69,77,30,35,460,30
14,37,45,6,28,45,27,62,16,37,26,40,34,25,16,46,70,47,62,64,56,19,43,23,24,39,84,40,37,81,43,62,61,84,50,24,54,39,22,79,50,60,93,59,62,69,32,57,18,62,39,34,40,18,20,51,43,32,43,35,45,15,31,12,46,32,23,36,30,38,32,40,39,32,28,22,44,46,17,40,43,40,30,38,38,36,35,18,37,41,50,45,35,35,31,23,14,54,31,39,73,24,84,28,25,58,22,30,30,84,28,37,90,29,51,84,64,31,13,34,103,73,31,98,31,75,29,37,33,106,31,74,31,36,44,106,340,116,104,31,33,34,63,30,57,73,20,46,30,423
